gen,nevals,min,median,max,currentGenBestValFitness,lap time (seconds),discarded individuals (including burn-in),GM connections,GM mean heuristic,sampling order
0,100,0.00000000,0.00000000,0.00000000,0.99734967,0017,0100,0035,0.00000000,"SimpleCart,SimpleCart_usePrune,Aggregator,PART,JRip,DecisionTable,J48,J48_useLaplace,J48_useMDLcorrection,SimpleCart_numFoldsPruning,J48_collapseTree,JRip_checkErrorRate,DecisionTable_useIBk,SimpleCart_minNumObj,JRip_minNo,JRip_usePruning,SimpleCart_heuristic,DecisionTable_crossVal,DecisionTable_search,SimpleCart_useOneSE,PART_binarySplits,GreedyStepwise_conservativeForwardSelection,J48_pruning,JRip_optimizations,PART_minNumObj,DecisionTable_evaluationMeasure,J48_binarySplits,BestFirst_direction,PART_doNotMakeSplitPointActualValue,PART_useMDLcorrection,J48_doNotMakeSplitPointActualValue,J48_minNumObj,PART_pruning,BestFirst_searchTermination,J48_subtreeRaising,JRip_folds,J48_confidenceFactorValue,GreedyStepwise_searchBackwards,J48_numFolds,PART_confidenceFactorValue,PART_numFolds"
1,99,0.00000000,0.00000000,0.00000000,0.99861115,0017,0100,0035,0.00000000,"PART,PART_pruning,SimpleCart,PART_numFolds,Aggregator,PART_useMDLcorrection,DecisionTable,JRip,PART_minNumObj,PART_binarySplits,SimpleCart_heuristic,DecisionTable_evaluationMeasure,DecisionTable_useIBk,PART_doNotMakeSplitPointActualValue,J48,DecisionTable_search,PART_confidenceFactorValue,J48_useLaplace,SimpleCart_minNumObj,J48_binarySplits,SimpleCart_usePrune,J48_collapseTree,JRip_checkErrorRate,BestFirst_searchTermination,JRip_usePruning,GreedyStepwise_conservativeForwardSelection,JRip_minNo,DecisionTable_crossVal,J48_minNumObj,BestFirst_direction,SimpleCart_useOneSE,J48_pruning,J48_useMDLcorrection,GreedyStepwise_searchBackwards,J48_doNotMakeSplitPointActualValue,JRip_optimizations,J48_numFolds,SimpleCart_numFoldsPruning,JRip_folds,J48_confidenceFactorValue,J48_subtreeRaising"
2,99,0.00000000,0.00000000,0.00000000,0.99861115,0015,0100,0035,0.00000000,"Aggregator,SimpleCart,SimpleCart_usePrune,J48,PART,SimpleCart_heuristic,J48_collapseTree,J48_useLaplace,JRip,JRip_checkErrorRate,J48_doNotMakeSplitPointActualValue,PART_binarySplits,J48_binarySplits,SimpleCart_numFoldsPruning,DecisionTable,PART_doNotMakeSplitPointActualValue,DecisionTable_useIBk,J48_useMDLcorrection,SimpleCart_useOneSE,PART_useMDLcorrection,J48_pruning,J48_confidenceFactorValue,SimpleCart_minNumObj,J48_minNumObj,J48_numFolds,PART_pruning,J48_subtreeRaising,PART_minNumObj,JRip_minNo,DecisionTable_crossVal,DecisionTable_search,BestFirst_searchTermination,JRip_usePruning,DecisionTable_evaluationMeasure,PART_confidenceFactorValue,JRip_folds,PART_numFolds,BestFirst_direction,GreedyStepwise_conservativeForwardSelection,JRip_optimizations,GreedyStepwise_searchBackwards"
3,99,0.00000000,0.00000000,0.00000000,0.99861115,0012,0100,0035,0.00000000,"SimpleCart,J48,SimpleCart_minNumObj,DecisionTable,J48_useLaplace,SimpleCart_usePrune,Aggregator,J48_minNumObj,DecisionTable_search,DecisionTable_useIBk,GreedyStepwise_searchBackwards,BestFirst_searchTermination,SimpleCart_heuristic,J48_useMDLcorrection,GreedyStepwise_conservativeForwardSelection,J48_collapseTree,PART,PART_minNumObj,PART_doNotMakeSplitPointActualValue,J48_doNotMakeSplitPointActualValue,PART_pruning,BestFirst_direction,DecisionTable_crossVal,J48_pruning,DecisionTable_evaluationMeasure,JRip,SimpleCart_numFoldsPruning,J48_binarySplits,PART_useMDLcorrection,JRip_usePruning,SimpleCart_useOneSE,PART_binarySplits,PART_confidenceFactorValue,J48_subtreeRaising,PART_numFolds,J48_confidenceFactorValue,JRip_checkErrorRate,J48_numFolds,JRip_optimizations,JRip_minNo,JRip_folds"
4,99,0.00000000,0.00000000,0.00000000,0.99861115,0013,0100,0035,0.00000000,"SimpleCart,SimpleCart_heuristic,Aggregator,SimpleCart_usePrune,J48,SimpleCart_useOneSE,JRip,SimpleCart_minNumObj,SimpleCart_numFoldsPruning,DecisionTable,JRip_minNo,JRip_checkErrorRate,PART,PART_doNotMakeSplitPointActualValue,J48_pruning,J48_numFolds,J48_minNumObj,J48_useMDLcorrection,J48_binarySplits,PART_minNumObj,JRip_usePruning,DecisionTable_crossVal,J48_collapseTree,PART_pruning,DecisionTable_useIBk,PART_numFolds,PART_binarySplits,J48_doNotMakeSplitPointActualValue,JRip_optimizations,J48_useLaplace,DecisionTable_search,J48_subtreeRaising,PART_useMDLcorrection,DecisionTable_evaluationMeasure,J48_confidenceFactorValue,BestFirst_searchTermination,BestFirst_direction,GreedyStepwise_conservativeForwardSelection,GreedyStepwise_searchBackwards,PART_confidenceFactorValue,JRip_folds"
5,99,0.00000000,0.00000000,0.00000000,0.99861115,0014,0100,0035,0.00000000,"PART,PART_binarySplits,SimpleCart,SimpleCart_heuristic,J48,J48_collapseTree,DecisionTable,JRip,Aggregator,JRip_usePruning,DecisionTable_search,SimpleCart_minNumObj,J48_useMDLcorrection,DecisionTable_evaluationMeasure,J48_pruning,PART_doNotMakeSplitPointActualValue,BestFirst_searchTermination,J48_minNumObj,J48_doNotMakeSplitPointActualValue,J48_useLaplace,JRip_folds,PART_minNumObj,PART_pruning,PART_useMDLcorrection,JRip_minNo,SimpleCart_usePrune,J48_subtreeRaising,BestFirst_direction,DecisionTable_crossVal,J48_confidenceFactorValue,DecisionTable_useIBk,J48_binarySplits,PART_numFolds,JRip_optimizations,JRip_checkErrorRate,GreedyStepwise_searchBackwards,GreedyStepwise_conservativeForwardSelection,SimpleCart_useOneSE,J48_numFolds,PART_confidenceFactorValue,SimpleCart_numFoldsPruning"
6,99,0.00000000,0.00000000,0.00000000,0.99861917,0042,0100,0053,0.24134497,"Aggregator,J48,PART,PART_pruning,J48_binarySplits,PART_doNotMakeSplitPointActualValue,DecisionTable,PART_binarySplits,SimpleCart,J48_useMDLcorrection,J48_doNotMakeSplitPointActualValue,J48_useLaplace,J48_collapseTree,SimpleCart_heuristic,DecisionTable_useIBk,SimpleCart_usePrune,DecisionTable_search,PART_useMDLcorrection,SimpleCart_useOneSE,GreedyStepwise_searchBackwards,BestFirst_searchTermination,SimpleCart_minNumObj,DecisionTable_evaluationMeasure,DecisionTable_crossVal,PART_numFolds,BestFirst_direction,J48_pruning,JRip,J48_numFolds,JRip_checkErrorRate,J48_subtreeRaising,JRip_usePruning,JRip_minNo,GreedyStepwise_conservativeForwardSelection,JRip_optimizations,SimpleCart_numFoldsPruning,JRip_folds,PART_confidenceFactorValue,J48_minNumObj,J48_confidenceFactorValue,PART_minNumObj"
7,99,0.00000000,0.00000000,0.00000000,0.99872090,0013,0100,0053,0.24134497,"Aggregator,J48,J48_collapseTree,J48_useLaplace,DecisionTable,J48_binarySplits,SimpleCart,SimpleCart_usePrune,J48_doNotMakeSplitPointActualValue,DecisionTable_search,GreedyStepwise_searchBackwards,DecisionTable_useIBk,J48_useMDLcorrection,PART,SimpleCart_heuristic,SimpleCart_useOneSE,PART_useMDLcorrection,PART_binarySplits,PART_doNotMakeSplitPointActualValue,PART_pruning,BestFirst_direction,J48_minNumObj,GreedyStepwise_conservativeForwardSelection,SimpleCart_numFoldsPruning,DecisionTable_evaluationMeasure,PART_confidenceFactorValue,PART_numFolds,DecisionTable_crossVal,J48_pruning,JRip,JRip_checkErrorRate,JRip_usePruning,J48_numFolds,J48_subtreeRaising,JRip_optimizations,JRip_minNo,JRip_folds,BestFirst_searchTermination,SimpleCart_minNumObj,J48_confidenceFactorValue,PART_minNumObj"
8,99,0.00000000,0.00000000,0.00000000,0.99872090,0014,0100,0053,0.24134497,"SimpleCart,Aggregator,PART,DecisionTable,SimpleCart_heuristic,PART_useMDLcorrection,PART_binarySplits,DecisionTable_search,J48,SimpleCart_usePrune,J48_binarySplits,J48_doNotMakeSplitPointActualValue,J48_useLaplace,PART_pruning,GreedyStepwise_searchBackwards,SimpleCart_useOneSE,DecisionTable_useIBk,PART_doNotMakeSplitPointActualValue,J48_useMDLcorrection,J48_collapseTree,BestFirst_searchTermination,SimpleCart_minNumObj,PART_numFolds,J48_pruning,BestFirst_direction,DecisionTable_crossVal,J48_numFolds,J48_subtreeRaising,JRip,JRip_usePruning,JRip_minNo,GreedyStepwise_conservativeForwardSelection,JRip_checkErrorRate,JRip_optimizations,SimpleCart_numFoldsPruning,DecisionTable_evaluationMeasure,JRip_folds,PART_confidenceFactorValue,J48_minNumObj,PART_minNumObj,J48_confidenceFactorValue"
9,99,0.00000000,0.00000000,0.00000000,0.99872090,0015,0178,0053,0.24134497,"J48,Aggregator,J48_useLaplace,J48_collapseTree,J48_binarySplits,SimpleCart,PART,PART_useMDLcorrection,J48_doNotMakeSplitPointActualValue,J48_useMDLcorrection,SimpleCart_heuristic,PART_binarySplits,DecisionTable,DecisionTable_search,GreedyStepwise_searchBackwards,SimpleCart_usePrune,PART_doNotMakeSplitPointActualValue,PART_pruning,DecisionTable_useIBk,SimpleCart_useOneSE,DecisionTable_evaluationMeasure,SimpleCart_numFoldsPruning,BestFirst_searchTermination,SimpleCart_minNumObj,PART_minNumObj,JRip_optimizations,J48_confidenceFactorValue,JRip_checkErrorRate,J48_subtreeRaising,JRip_usePruning,JRip_folds,PART_confidenceFactorValue,J48_minNumObj,GreedyStepwise_conservativeForwardSelection,DecisionTable_crossVal,PART_numFolds,JRip,JRip_minNo,J48_pruning,BestFirst_direction,J48_numFolds"
10,99,0.00000000,0.00000000,0.00000000,0.99872090,0014,0100,0053,0.24134497,"PART,PART_pruning,PART_binarySplits,SimpleCart,SimpleCart_usePrune,PART_useMDLcorrection,SimpleCart_heuristic,J48,J48_doNotMakeSplitPointActualValue,DecisionTable,PART_doNotMakeSplitPointActualValue,Aggregator,J48_binarySplits,SimpleCart_useOneSE,J48_useLaplace,DecisionTable_search,J48_useMDLcorrection,DecisionTable_useIBk,J48_collapseTree,GreedyStepwise_searchBackwards,PART_confidenceFactorValue,J48_minNumObj,DecisionTable_evaluationMeasure,BestFirst_searchTermination,SimpleCart_minNumObj,PART_numFolds,DecisionTable_crossVal,J48_pruning,BestFirst_direction,JRip,J48_subtreeRaising,JRip_checkErrorRate,JRip_usePruning,JRip_minNo,J48_numFolds,GreedyStepwise_conservativeForwardSelection,JRip_folds,J48_confidenceFactorValue,PART_minNumObj,SimpleCart_numFoldsPruning,JRip_optimizations"
11,99,0.00000000,0.00000000,0.00000000,0.99872090,0032,0100,0054,0.24717624,"DecisionTable,JRip,PART,SimpleCart,PART_binarySplits,JRip_usePruning,PART_useMDLcorrection,Aggregator,J48,PART_pruning,J48_binarySplits,SimpleCart_usePrune,JRip_checkErrorRate,DecisionTable_evaluationMeasure,SimpleCart_heuristic,J48_useLaplace,J48_doNotMakeSplitPointActualValue,J48_collapseTree,SimpleCart_useOneSE,PART_doNotMakeSplitPointActualValue,SimpleCart_minNumObj,J48_pruning,J48_subtreeRaising,DecisionTable_useIBk,J48_minNumObj,JRip_folds,SimpleCart_numFoldsPruning,J48_numFolds,PART_confidenceFactorValue,JRip_minNo,J48_useMDLcorrection,PART_numFolds,DecisionTable_search,DecisionTable_crossVal,BestFirst_direction,GreedyStepwise_conservativeForwardSelection,GreedyStepwise_searchBackwards,BestFirst_searchTermination,JRip_optimizations,J48_confidenceFactorValue,PART_minNumObj"
12,99,0.00000000,0.00000000,0.00000000,0.99872090,0013,0100,0054,0.24717624,"PART,JRip,JRip_usePruning,DecisionTable,PART_useMDLcorrection,PART_binarySplits,Aggregator,JRip_checkErrorRate,J48,SimpleCart,J48_useLaplace,PART_pruning,DecisionTable_evaluationMeasure,J48_doNotMakeSplitPointActualValue,J48_collapseTree,SimpleCart_heuristic,J48_binarySplits,SimpleCart_usePrune,SimpleCart_useOneSE,JRip_folds,J48_minNumObj,SimpleCart_numFoldsPruning,PART_doNotMakeSplitPointActualValue,J48_pruning,J48_numFolds,J48_subtreeRaising,J48_confidenceFactorValue,PART_minNumObj,PART_numFolds,DecisionTable_useIBk,DecisionTable_search,J48_useMDLcorrection,DecisionTable_crossVal,SimpleCart_minNumObj,GreedyStepwise_searchBackwards,GreedyStepwise_conservativeForwardSelection,BestFirst_searchTermination,BestFirst_direction,JRip_optimizations,JRip_minNo,PART_confidenceFactorValue"
13,99,0.00000000,0.00000000,0.00000000,0.99872090,0014,0100,0054,0.24717624,"SimpleCart,JRip,PART,J48,Aggregator,SimpleCart_heuristic,J48_useLaplace,JRip_checkErrorRate,PART_useMDLcorrection,SimpleCart_usePrune,DecisionTable,J48_collapseTree,PART_binarySplits,JRip_usePruning,J48_binarySplits,PART_pruning,J48_doNotMakeSplitPointActualValue,DecisionTable_evaluationMeasure,SimpleCart_useOneSE,SimpleCart_minNumObj,PART_numFolds,DecisionTable_crossVal,J48_useMDLcorrection,DecisionTable_search,DecisionTable_useIBk,BestFirst_direction,GreedyStepwise_conservativeForwardSelection,BestFirst_searchTermination,PART_doNotMakeSplitPointActualValue,JRip_optimizations,J48_pruning,J48_confidenceFactorValue,J48_subtreeRaising,PART_minNumObj,GreedyStepwise_searchBackwards,PART_confidenceFactorValue,JRip_minNo,J48_minNumObj,SimpleCart_numFoldsPruning,JRip_folds,J48_numFolds"
14,99,0.00000000,0.00000000,0.00000000,0.99872090,0014,0100,0054,0.24717624,"DecisionTable,SimpleCart,PART,Aggregator,PART_useMDLcorrection,PART_binarySplits,J48,PART_pruning,SimpleCart_heuristic,J48_useLaplace,J48_binarySplits,J48_doNotMakeSplitPointActualValue,JRip,DecisionTable_evaluationMeasure,SimpleCart_usePrune,JRip_usePruning,JRip_checkErrorRate,J48_collapseTree,SimpleCart_useOneSE,DecisionTable_crossVal,JRip_folds,SimpleCart_numFoldsPruning,J48_minNumObj,JRip_minNo,PART_confidenceFactorValue,J48_useMDLcorrection,PART_numFolds,DecisionTable_useIBk,DecisionTable_search,SimpleCart_minNumObj,GreedyStepwise_conservativeForwardSelection,BestFirst_searchTermination,J48_pruning,BestFirst_direction,PART_doNotMakeSplitPointActualValue,J48_confidenceFactorValue,JRip_optimizations,J48_numFolds,J48_subtreeRaising,PART_minNumObj,GreedyStepwise_searchBackwards"
15,99,0.00000000,0.00000000,0.00000000,0.99872090,0013,0100,0054,0.24717624,"PART,PART_binarySplits,Aggregator,PART_pruning,JRip,DecisionTable,JRip_usePruning,SimpleCart,DecisionTable_evaluationMeasure,J48,JRip_checkErrorRate,SimpleCart_heuristic,PART_useMDLcorrection,J48_collapseTree,J48_doNotMakeSplitPointActualValue,J48_binarySplits,J48_useLaplace,SimpleCart_usePrune,SimpleCart_useOneSE,JRip_folds,SimpleCart_numFoldsPruning,J48_minNumObj,PART_minNumObj,J48_useMDLcorrection,PART_doNotMakeSplitPointActualValue,JRip_optimizations,PART_confidenceFactorValue,JRip_minNo,J48_pruning,J48_numFolds,J48_subtreeRaising,PART_numFolds,DecisionTable_search,SimpleCart_minNumObj,DecisionTable_useIBk,DecisionTable_crossVal,GreedyStepwise_searchBackwards,GreedyStepwise_conservativeForwardSelection,BestFirst_searchTermination,J48_confidenceFactorValue,BestFirst_direction"
16,99,0.00000000,0.00000000,0.00000000,0.99935042,0028,0100,0061,0.22292755,"J48,J48_useLaplace,J48_collapseTree,Aggregator,J48_useMDLcorrection,PART,SimpleCart,PART_useMDLcorrection,J48_doNotMakeSplitPointActualValue,SimpleCart_usePrune,PART_binarySplits,PART_doNotMakeSplitPointActualValue,SimpleCart_numFoldsPruning,PART_pruning,SimpleCart_heuristic,J48_minNumObj,PART_minNumObj,J48_binarySplits,SimpleCart_minNumObj,SimpleCart_useOneSE,PART_numFolds,PART_confidenceFactorValue,J48_pruning,J48_confidenceFactorValue,JRip_checkErrorRate,BestFirst_direction,JRip_folds,DecisionTable,DecisionTable_useIBk,DecisionTable_search,GreedyStepwise_searchBackwards,J48_subtreeRaising,BestFirst_searchTermination,DecisionTable_evaluationMeasure,J48_numFolds,GreedyStepwise_conservativeForwardSelection,JRip,JRip_usePruning,JRip_minNo,JRip_optimizations,DecisionTable_crossVal"
17,99,0.00000000,0.00000000,0.00000000,0.99935042,0013,0134,0061,0.22292755,"PART,PART_binarySplits,PART_useMDLcorrection,J48,SimpleCart,Aggregator,J48_useMDLcorrection,J48_collapseTree,J48_useLaplace,PART_doNotMakeSplitPointActualValue,J48_doNotMakeSplitPointActualValue,SimpleCart_usePrune,J48_minNumObj,SimpleCart_numFoldsPruning,PART_pruning,SimpleCart_heuristic,PART_confidenceFactorValue,SimpleCart_useOneSE,JRip_checkErrorRate,BestFirst_searchTermination,J48_numFolds,SimpleCart_minNumObj,JRip,JRip_usePruning,JRip_optimizations,JRip_minNo,GreedyStepwise_conservativeForwardSelection,DecisionTable_crossVal,J48_pruning,J48_confidenceFactorValue,PART_numFolds,J48_binarySplits,PART_minNumObj,JRip_folds,J48_subtreeRaising,DecisionTable,DecisionTable_search,GreedyStepwise_searchBackwards,DecisionTable_useIBk,DecisionTable_evaluationMeasure,BestFirst_direction"
18,99,0.00000000,0.00000000,0.00000000,0.99935042,0013,0100,0061,0.22292755,"SimpleCart,J48,J48_collapseTree,J48_useLaplace,PART,Aggregator,SimpleCart_usePrune,J48_doNotMakeSplitPointActualValue,PART_doNotMakeSplitPointActualValue,PART_binarySplits,J48_useMDLcorrection,PART_useMDLcorrection,J48_binarySplits,PART_pruning,PART_numFolds,PART_confidenceFactorValue,SimpleCart_useOneSE,J48_minNumObj,SimpleCart_numFoldsPruning,SimpleCart_heuristic,PART_minNumObj,SimpleCart_minNumObj,J48_pruning,J48_confidenceFactorValue,J48_subtreeRaising,J48_numFolds,JRip,JRip_checkErrorRate,JRip_usePruning,JRip_folds,JRip_optimizations,DecisionTable,DecisionTable_crossVal,DecisionTable_search,DecisionTable_evaluationMeasure,GreedyStepwise_searchBackwards,BestFirst_searchTermination,BestFirst_direction,DecisionTable_useIBk,GreedyStepwise_conservativeForwardSelection,JRip_minNo"
19,99,0.00000000,0.00000000,0.00000000,0.99935042,0015,0100,0061,0.22292755,"Aggregator,SimpleCart,J48,J48_doNotMakeSplitPointActualValue,PART,PART_useMDLcorrection,SimpleCart_usePrune,J48_useLaplace,PART_doNotMakeSplitPointActualValue,J48_collapseTree,J48_useMDLcorrection,PART_binarySplits,PART_minNumObj,J48_minNumObj,SimpleCart_numFoldsPruning,SimpleCart_heuristic,PART_pruning,GreedyStepwise_conservativeForwardSelection,JRip_folds,J48_pruning,DecisionTable,J48_subtreeRaising,DecisionTable_evaluationMeasure,DecisionTable_search,GreedyStepwise_searchBackwards,BestFirst_direction,BestFirst_searchTermination,J48_numFolds,PART_confidenceFactorValue,JRip,JRip_minNo,SimpleCart_minNumObj,JRip_usePruning,JRip_checkErrorRate,SimpleCart_useOneSE,JRip_optimizations,DecisionTable_crossVal,PART_numFolds,J48_confidenceFactorValue,DecisionTable_useIBk,J48_binarySplits"
20,99,0.00000000,0.00000000,0.00000000,0.99935042,0014,0100,0061,0.22292755,"SimpleCart,Aggregator,J48,J48_doNotMakeSplitPointActualValue,PART,SimpleCart_usePrune,J48_collapseTree,J48_useLaplace,PART_binarySplits,J48_useMDLcorrection,PART_doNotMakeSplitPointActualValue,PART_useMDLcorrection,PART_pruning,SimpleCart_minNumObj,J48_minNumObj,SimpleCart_numFoldsPruning,SimpleCart_heuristic,GreedyStepwise_conservativeForwardSelection,SimpleCart_useOneSE,PART_minNumObj,PART_confidenceFactorValue,JRip_optimizations,BestFirst_searchTermination,JRip_minNo,JRip_folds,J48_pruning,DecisionTable,DecisionTable_evaluationMeasure,J48_subtreeRaising,DecisionTable_crossVal,DecisionTable_search,J48_numFolds,JRip,JRip_checkErrorRate,GreedyStepwise_searchBackwards,JRip_usePruning,J48_confidenceFactorValue,PART_numFolds,BestFirst_direction,J48_binarySplits,DecisionTable_useIBk"
21,99,0.00000000,0.00000000,0.00000000,0.99935042,0026,0100,0060,0.21821632,"PART,J48,PART_doNotMakeSplitPointActualValue,J48_binarySplits,Aggregator,SimpleCart,JRip,PART_useMDLcorrection,SimpleCart_heuristic,JRip_usePruning,JRip_checkErrorRate,J48_collapseTree,J48_useMDLcorrection,SimpleCart_usePrune,SimpleCart_useOneSE,JRip_minNo,JRip_folds,J48_pruning,J48_confidenceFactorValue,JRip_optimizations,J48_numFolds,J48_minNumObj,J48_useLaplace,PART_pruning,PART_numFolds,J48_subtreeRaising,PART_minNumObj,PART_binarySplits,DecisionTable,DecisionTable_useIBk,DecisionTable_search,DecisionTable_evaluationMeasure,BestFirst_direction,DecisionTable_crossVal,GreedyStepwise_searchBackwards,SimpleCart_numFoldsPruning,J48_doNotMakeSplitPointActualValue,GreedyStepwise_conservativeForwardSelection,PART_confidenceFactorValue,BestFirst_searchTermination,SimpleCart_minNumObj"
22,99,0.00000000,0.00000000,0.00000000,0.99935042,0012,0100,0060,0.21821632,"SimpleCart,PART,Aggregator,SimpleCart_usePrune,J48,SimpleCart_heuristic,J48_useMDLcorrection,PART_doNotMakeSplitPointActualValue,PART_useMDLcorrection,JRip,JRip_checkErrorRate,J48_collapseTree,J48_binarySplits,JRip_usePruning,SimpleCart_minNumObj,SimpleCart_numFoldsPruning,J48_doNotMakeSplitPointActualValue,PART_pruning,J48_minNumObj,J48_useLaplace,PART_binarySplits,PART_minNumObj,PART_numFolds,JRip_minNo,SimpleCart_useOneSE,DecisionTable,DecisionTable_search,DecisionTable_evaluationMeasure,DecisionTable_crossVal,DecisionTable_useIBk,GreedyStepwise_conservativeForwardSelection,BestFirst_searchTermination,JRip_folds,PART_confidenceFactorValue,J48_pruning,J48_subtreeRaising,BestFirst_direction,J48_confidenceFactorValue,JRip_optimizations,J48_numFolds,GreedyStepwise_searchBackwards"
23,99,0.00000000,0.00000000,0.00000000,0.99935042,0012,0100,0060,0.21821632,"SimpleCart,Aggregator,JRip,J48,J48_useMDLcorrection,PART,SimpleCart_heuristic,J48_binarySplits,JRip_checkErrorRate,SimpleCart_usePrune,JRip_usePruning,J48_collapseTree,PART_useMDLcorrection,PART_doNotMakeSplitPointActualValue,J48_pruning,PART_pruning,PART_binarySplits,JRip_minNo,PART_minNumObj,J48_useLaplace,JRip_optimizations,J48_numFolds,J48_confidenceFactorValue,J48_subtreeRaising,J48_doNotMakeSplitPointActualValue,SimpleCart_numFoldsPruning,SimpleCart_minNumObj,PART_numFolds,SimpleCart_useOneSE,DecisionTable,DecisionTable_evaluationMeasure,DecisionTable_useIBk,DecisionTable_search,DecisionTable_crossVal,BestFirst_direction,GreedyStepwise_conservativeForwardSelection,GreedyStepwise_searchBackwards,J48_minNumObj,JRip_folds,PART_confidenceFactorValue,BestFirst_searchTermination"
24,99,0.00000000,0.00000000,0.00000000,0.99935042,0015,0100,0060,0.21821632,"JRip,J48,JRip_checkErrorRate,PART,J48_collapseTree,JRip_usePruning,Aggregator,PART_useMDLcorrection,SimpleCart,PART_doNotMakeSplitPointActualValue,J48_useMDLcorrection,J48_binarySplits,SimpleCart_heuristic,SimpleCart_usePrune,PART_binarySplits,J48_doNotMakeSplitPointActualValue,JRip_minNo,JRip_folds,J48_pruning,SimpleCart_numFoldsPruning,PART_pruning,J48_confidenceFactorValue,JRip_optimizations,J48_numFolds,J48_subtreeRaising,J48_minNumObj,PART_minNumObj,SimpleCart_minNumObj,PART_confidenceFactorValue,SimpleCart_useOneSE,PART_numFolds,J48_useLaplace,DecisionTable,DecisionTable_crossVal,DecisionTable_useIBk,DecisionTable_evaluationMeasure,DecisionTable_search,GreedyStepwise_conservativeForwardSelection,BestFirst_direction,BestFirst_searchTermination,GreedyStepwise_searchBackwards"
25,99,0.00000000,0.00000000,0.00000000,0.99935042,0014,0100,0060,0.21821632,"SimpleCart,SimpleCart_heuristic,PART,J48,JRip,JRip_usePruning,SimpleCart_usePrune,PART_useMDLcorrection,Aggregator,J48_binarySplits,J48_collapseTree,JRip_checkErrorRate,J48_useMDLcorrection,PART_doNotMakeSplitPointActualValue,PART_minNumObj,PART_pruning,SimpleCart_minNumObj,J48_useLaplace,J48_pruning,J48_numFolds,JRip_minNo,J48_minNumObj,J48_doNotMakeSplitPointActualValue,J48_subtreeRaising,JRip_optimizations,J48_confidenceFactorValue,PART_confidenceFactorValue,JRip_folds,SimpleCart_useOneSE,SimpleCart_numFoldsPruning,PART_binarySplits,PART_numFolds,DecisionTable,DecisionTable_evaluationMeasure,DecisionTable_useIBk,DecisionTable_crossVal,DecisionTable_search,BestFirst_searchTermination,GreedyStepwise_searchBackwards,GreedyStepwise_conservativeForwardSelection,BestFirst_direction"
26,99,0.00000000,0.00000000,0.00000000,0.99935042,0024,0100,0062,0.22636491,"J48,J48_useMDLcorrection,J48_useLaplace,PART,Aggregator,SimpleCart,J48_collapseTree,DecisionTable,JRip,J48_binarySplits,SimpleCart_heuristic,PART_useMDLcorrection,DecisionTable_search,JRip_usePruning,BestFirst_direction,JRip_folds,GreedyStepwise_searchBackwards,SimpleCart_usePrune,SimpleCart_numFoldsPruning,PART_binarySplits,JRip_checkErrorRate,J48_minNumObj,JRip_optimizations,J48_doNotMakeSplitPointActualValue,DecisionTable_crossVal,DecisionTable_evaluationMeasure,PART_minNumObj,PART_doNotMakeSplitPointActualValue,SimpleCart_minNumObj,BestFirst_searchTermination,J48_pruning,J48_confidenceFactorValue,J48_numFolds,DecisionTable_useIBk,PART_pruning,PART_confidenceFactorValue,SimpleCart_useOneSE,PART_numFolds,J48_subtreeRaising,JRip_minNo,GreedyStepwise_conservativeForwardSelection"
27,99,0.00000000,0.00000000,0.00000000,0.99935486,0012,0100,0062,0.22636491,"JRip,PART,JRip_usePruning,DecisionTable,Aggregator,SimpleCart,J48,PART_useMDLcorrection,DecisionTable_search,J48_collapseTree,SimpleCart_heuristic,J48_binarySplits,J48_useLaplace,J48_useMDLcorrection,JRip_checkErrorRate,J48_doNotMakeSplitPointActualValue,J48_minNumObj,JRip_optimizations,SimpleCart_usePrune,DecisionTable_crossVal,SimpleCart_numFoldsPruning,PART_binarySplits,SimpleCart_useOneSE,PART_pruning,PART_confidenceFactorValue,JRip_minNo,PART_numFolds,J48_pruning,DecisionTable_evaluationMeasure,GreedyStepwise_conservativeForwardSelection,J48_subtreeRaising,PART_doNotMakeSplitPointActualValue,PART_minNumObj,BestFirst_direction,J48_confidenceFactorValue,BestFirst_searchTermination,JRip_folds,GreedyStepwise_searchBackwards,J48_numFolds,SimpleCart_minNumObj,DecisionTable_useIBk"
28,99,0.00000000,0.00000000,0.00000000,0.99935486,0013,0100,0062,0.22636491,"JRip,DecisionTable,J48,Aggregator,PART,JRip_usePruning,SimpleCart,DecisionTable_search,J48_binarySplits,J48_collapseTree,J48_useLaplace,J48_useMDLcorrection,SimpleCart_heuristic,PART_useMDLcorrection,DecisionTable_evaluationMeasure,PART_doNotMakeSplitPointActualValue,PART_pruning,DecisionTable_crossVal,JRip_optimizations,SimpleCart_usePrune,J48_doNotMakeSplitPointActualValue,SimpleCart_numFoldsPruning,PART_binarySplits,JRip_checkErrorRate,J48_minNumObj,GreedyStepwise_conservativeForwardSelection,SimpleCart_useOneSE,PART_confidenceFactorValue,DecisionTable_useIBk,BestFirst_searchTermination,JRip_folds,GreedyStepwise_searchBackwards,BestFirst_direction,PART_minNumObj,PART_numFolds,J48_pruning,J48_subtreeRaising,JRip_minNo,J48_confidenceFactorValue,J48_numFolds,SimpleCart_minNumObj"
29,99,0.00000000,0.00000000,0.00000000,0.99935486,0011,0100,0062,0.22636491,"PART,Aggregator,J48,JRip,J48_useLaplace,SimpleCart,JRip_usePruning,J48_useMDLcorrection,DecisionTable,J48_collapseTree,PART_useMDLcorrection,DecisionTable_search,J48_binarySplits,SimpleCart_heuristic,PART_doNotMakeSplitPointActualValue,JRip_optimizations,SimpleCart_usePrune,DecisionTable_crossVal,J48_doNotMakeSplitPointActualValue,SimpleCart_minNumObj,JRip_minNo,DecisionTable_useIBk,GreedyStepwise_searchBackwards,PART_binarySplits,BestFirst_searchTermination,JRip_folds,DecisionTable_evaluationMeasure,SimpleCart_useOneSE,PART_pruning,PART_confidenceFactorValue,PART_numFolds,GreedyStepwise_conservativeForwardSelection,PART_minNumObj,BestFirst_direction,J48_pruning,J48_subtreeRaising,J48_numFolds,J48_confidenceFactorValue,SimpleCart_numFoldsPruning,JRip_checkErrorRate,J48_minNumObj"
30,99,0.00000000,0.00000000,0.00000000,0.99935486,0013,0100,0062,0.22636491,"PART,SimpleCart,Aggregator,JRip,PART_useMDLcorrection,J48,J48_useLaplace,DecisionTable,DecisionTable_search,J48_useMDLcorrection,SimpleCart_heuristic,J48_binarySplits,JRip_usePruning,J48_collapseTree,BestFirst_searchTermination,JRip_folds,GreedyStepwise_searchBackwards,GreedyStepwise_conservativeForwardSelection,SimpleCart_minNumObj,DecisionTable_useIBk,JRip_checkErrorRate,SimpleCart_usePrune,SimpleCart_useOneSE,J48_pruning,J48_confidenceFactorValue,J48_numFolds,PART_pruning,PART_confidenceFactorValue,J48_subtreeRaising,J48_doNotMakeSplitPointActualValue,J48_minNumObj,JRip_optimizations,DecisionTable_crossVal,SimpleCart_numFoldsPruning,PART_binarySplits,PART_doNotMakeSplitPointActualValue,PART_minNumObj,BestFirst_direction,DecisionTable_evaluationMeasure,JRip_minNo,PART_numFolds"
31,99,0.00000000,0.00000000,0.00000000,0.99935486,0023,0100,0064,0.18918207,"SimpleCart,SimpleCart_usePrune,PART,J48,DecisionTable,J48_useMDLcorrection,J48_pruning,PART_binarySplits,J48_collapseTree,PART_useMDLcorrection,PART_pruning,DecisionTable_useIBk,PART_numFolds,Aggregator,J48_subtreeRaising,DecisionTable_evaluationMeasure,JRip,JRip_usePruning,JRip_checkErrorRate,SimpleCart_useOneSE,JRip_folds,J48_minNumObj,JRip_minNo,J48_doNotMakeSplitPointActualValue,DecisionTable_search,SimpleCart_minNumObj,J48_numFolds,GreedyStepwise_conservativeForwardSelection,GreedyStepwise_searchBackwards,PART_minNumObj,PART_confidenceFactorValue,J48_binarySplits,PART_doNotMakeSplitPointActualValue,DecisionTable_crossVal,J48_confidenceFactorValue,SimpleCart_heuristic,SimpleCart_numFoldsPruning,J48_useLaplace,BestFirst_direction,BestFirst_searchTermination,JRip_optimizations"
32,99,0.00000000,0.00000000,0.00000000,0.99935486,0012,0100,0064,0.18918207,"PART,PART_binarySplits,J48,DecisionTable,SimpleCart,SimpleCart_usePrune,J48_collapseTree,PART_useMDLcorrection,PART_pruning,J48_pruning,J48_useMDLcorrection,SimpleCart_heuristic,DecisionTable_useIBk,PART_numFolds,Aggregator,JRip,JRip_usePruning,J48_subtreeRaising,JRip_checkErrorRate,DecisionTable_evaluationMeasure,JRip_folds,J48_minNumObj,J48_confidenceFactorValue,SimpleCart_useOneSE,DecisionTable_search,GreedyStepwise_searchBackwards,BestFirst_searchTermination,JRip_optimizations,DecisionTable_crossVal,PART_confidenceFactorValue,BestFirst_direction,J48_binarySplits,SimpleCart_numFoldsPruning,J48_doNotMakeSplitPointActualValue,PART_doNotMakeSplitPointActualValue,J48_useLaplace,J48_numFolds,SimpleCart_minNumObj,JRip_minNo,PART_minNumObj,GreedyStepwise_conservativeForwardSelection"
33,99,0.00000000,0.00000000,0.00000000,0.99935486,0014,0100,0064,0.18918207,"J48,J48_useMDLcorrection,SimpleCart,SimpleCart_usePrune,J48_collapseTree,J48_pruning,DecisionTable,PART,PART_pruning,PART_binarySplits,PART_useMDLcorrection,DecisionTable_useIBk,PART_numFolds,J48_subtreeRaising,JRip,Aggregator,DecisionTable_evaluationMeasure,JRip_usePruning,JRip_checkErrorRate,DecisionTable_crossVal,PART_confidenceFactorValue,J48_doNotMakeSplitPointActualValue,J48_binarySplits,J48_numFolds,SimpleCart_minNumObj,JRip_minNo,PART_minNumObj,GreedyStepwise_conservativeForwardSelection,GreedyStepwise_searchBackwards,JRip_folds,J48_minNumObj,J48_useLaplace,J48_confidenceFactorValue,SimpleCart_useOneSE,JRip_optimizations,BestFirst_searchTermination,BestFirst_direction,SimpleCart_numFoldsPruning,PART_doNotMakeSplitPointActualValue,SimpleCart_heuristic,DecisionTable_search"
34,99,0.00000000,0.00000000,0.00000000,0.99935486,0012,0100,0064,0.18918207,"J48,J48_pruning,J48_useMDLcorrection,PART,DecisionTable,SimpleCart,J48_collapseTree,PART_pruning,SimpleCart_usePrune,PART_binarySplits,PART_useMDLcorrection,SimpleCart_heuristic,PART_numFolds,DecisionTable_useIBk,DecisionTable_evaluationMeasure,JRip,Aggregator,JRip_checkErrorRate,J48_subtreeRaising,JRip_usePruning,J48_doNotMakeSplitPointActualValue,PART_doNotMakeSplitPointActualValue,JRip_folds,J48_minNumObj,SimpleCart_useOneSE,SimpleCart_minNumObj,J48_numFolds,JRip_minNo,PART_minNumObj,J48_useLaplace,DecisionTable_crossVal,PART_confidenceFactorValue,J48_binarySplits,JRip_optimizations,J48_confidenceFactorValue,SimpleCart_numFoldsPruning,DecisionTable_search,BestFirst_searchTermination,BestFirst_direction,GreedyStepwise_searchBackwards,GreedyStepwise_conservativeForwardSelection"
35,99,0.00000000,0.00000000,0.00000000,0.99935486,0012,0100,0064,0.18918207,"PART,SimpleCart,SimpleCart_usePrune,J48,PART_binarySplits,PART_useMDLcorrection,DecisionTable,J48_collapseTree,J48_pruning,PART_pruning,J48_useMDLcorrection,J48_numFolds,PART_minNumObj,SimpleCart_minNumObj,DecisionTable_search,GreedyStepwise_conservativeForwardSelection,GreedyStepwise_searchBackwards,J48_minNumObj,SimpleCart_heuristic,SimpleCart_numFoldsPruning,J48_useLaplace,PART_doNotMakeSplitPointActualValue,DecisionTable_evaluationMeasure,DecisionTable_crossVal,PART_confidenceFactorValue,J48_binarySplits,J48_doNotMakeSplitPointActualValue,BestFirst_searchTermination,JRip_optimizations,J48_confidenceFactorValue,BestFirst_direction,SimpleCart_useOneSE,JRip_minNo,JRip_folds,DecisionTable_useIBk,PART_numFolds,J48_subtreeRaising,JRip,Aggregator,JRip_usePruning,JRip_checkErrorRate"
36,99,0.00000000,0.00000000,0.00000000,0.99935486,0025,0100,0059,0.22508120,"PART,JRip,PART_useMDLcorrection,JRip_usePruning,Aggregator,SimpleCart,SimpleCart_heuristic,JRip_checkErrorRate,DecisionTable,SimpleCart_usePrune,DecisionTable_useIBk,J48,DecisionTable_search,J48_collapseTree,J48_useMDLcorrection,J48_pruning,J48_doNotMakeSplitPointActualValue,SimpleCart_numFoldsPruning,DecisionTable_crossVal,J48_minNumObj,J48_numFolds,DecisionTable_evaluationMeasure,J48_confidenceFactorValue,BestFirst_direction,GreedyStepwise_searchBackwards,BestFirst_searchTermination,PART_pruning,PART_confidenceFactorValue,JRip_optimizations,SimpleCart_minNumObj,J48_useLaplace,J48_subtreeRaising,J48_binarySplits,SimpleCart_useOneSE,JRip_folds,PART_numFolds,JRip_minNo,PART_doNotMakeSplitPointActualValue,GreedyStepwise_conservativeForwardSelection,PART_minNumObj,PART_binarySplits"
37,99,0.00000000,0.00000000,0.00000000,0.99935486,0012,0100,0059,0.22508120,"PART,JRip,Aggregator,PART_useMDLcorrection,J48,JRip_checkErrorRate,J48_collapseTree,DecisionTable,DecisionTable_search,JRip_usePruning,SimpleCart,SimpleCart_heuristic,DecisionTable_useIBk,J48_doNotMakeSplitPointActualValue,SimpleCart_usePrune,J48_useMDLcorrection,J48_pruning,PART_doNotMakeSplitPointActualValue,J48_confidenceFactorValue,JRip_optimizations,SimpleCart_minNumObj,J48_useLaplace,BestFirst_searchTermination,J48_numFolds,DecisionTable_evaluationMeasure,PART_pruning,GreedyStepwise_searchBackwards,BestFirst_direction,PART_numFolds,J48_subtreeRaising,PART_binarySplits,JRip_minNo,PART_minNumObj,GreedyStepwise_conservativeForwardSelection,JRip_folds,SimpleCart_useOneSE,J48_binarySplits,J48_minNumObj,PART_confidenceFactorValue,DecisionTable_crossVal,SimpleCart_numFoldsPruning"
38,99,0.00000000,0.00000000,0.00000000,0.99935486,0013,0100,0059,0.22508120,"JRip,Aggregator,JRip_usePruning,J48,PART,DecisionTable,SimpleCart,J48_collapseTree,J48_doNotMakeSplitPointActualValue,DecisionTable_useIBk,PART_useMDLcorrection,JRip_checkErrorRate,J48_pruning,J48_useMDLcorrection,SimpleCart_usePrune,DecisionTable_search,SimpleCart_heuristic,DecisionTable_evaluationMeasure,GreedyStepwise_conservativeForwardSelection,JRip_optimizations,SimpleCart_minNumObj,J48_useLaplace,J48_minNumObj,J48_numFolds,GreedyStepwise_searchBackwards,BestFirst_direction,PART_pruning,PART_confidenceFactorValue,SimpleCart_numFoldsPruning,DecisionTable_crossVal,J48_confidenceFactorValue,BestFirst_searchTermination,JRip_minNo,PART_numFolds,PART_binarySplits,J48_subtreeRaising,PART_minNumObj,PART_doNotMakeSplitPointActualValue,SimpleCart_useOneSE,JRip_folds,J48_binarySplits"
39,99,0.00000000,0.00000000,0.00000000,0.99935486,0012,0100,0059,0.22508120,"SimpleCart,JRip,JRip_checkErrorRate,SimpleCart_usePrune,JRip_usePruning,PART,PART_useMDLcorrection,Aggregator,DecisionTable,J48,J48_collapseTree,SimpleCart_heuristic,J48_useMDLcorrection,DecisionTable_useIBk,DecisionTable_search,J48_pruning,J48_doNotMakeSplitPointActualValue,J48_minNumObj,J48_numFolds,GreedyStepwise_searchBackwards,PART_pruning,BestFirst_direction,DecisionTable_evaluationMeasure,PART_confidenceFactorValue,GreedyStepwise_conservativeForwardSelection,J48_binarySplits,SimpleCart_numFoldsPruning,DecisionTable_crossVal,J48_confidenceFactorValue,BestFirst_searchTermination,JRip_optimizations,SimpleCart_minNumObj,J48_useLaplace,SimpleCart_useOneSE,JRip_folds,PART_binarySplits,PART_minNumObj,PART_numFolds,PART_doNotMakeSplitPointActualValue,J48_subtreeRaising,JRip_minNo"
40,99,0.00000000,0.00000000,0.00000000,0.99935486,0011,0100,0059,0.22508120,"PART,PART_useMDLcorrection,SimpleCart,Aggregator,J48,JRip,JRip_checkErrorRate,SimpleCart_usePrune,J48_collapseTree,DecisionTable,DecisionTable_useIBk,SimpleCart_heuristic,J48_doNotMakeSplitPointActualValue,J48_useMDLcorrection,DecisionTable_search,J48_pruning,JRip_usePruning,J48_subtreeRaising,PART_binarySplits,J48_minNumObj,J48_numFolds,DecisionTable_evaluationMeasure,GreedyStepwise_searchBackwards,BestFirst_direction,PART_pruning,PART_confidenceFactorValue,JRip_optimizations,J48_useLaplace,SimpleCart_minNumObj,JRip_folds,J48_binarySplits,SimpleCart_useOneSE,PART_minNumObj,JRip_minNo,PART_numFolds,PART_doNotMakeSplitPointActualValue,GreedyStepwise_conservativeForwardSelection,DecisionTable_crossVal,SimpleCart_numFoldsPruning,J48_confidenceFactorValue,BestFirst_searchTermination"
41,99,0.00000000,0.00000000,0.00000000,0.99935486,0024,0100,0060,0.22090135,"J48,JRip,PART,JRip_checkErrorRate,J48_collapseTree,J48_useLaplace,SimpleCart,PART_doNotMakeSplitPointActualValue,SimpleCart_heuristic,Aggregator,SimpleCart_usePrune,PART_useMDLcorrection,DecisionTable,J48_doNotMakeSplitPointActualValue,PART_binarySplits,JRip_minNo,PART_minNumObj,JRip_usePruning,J48_binarySplits,JRip_optimizations,JRip_folds,SimpleCart_minNumObj,SimpleCart_useOneSE,DecisionTable_evaluationMeasure,J48_pruning,J48_confidenceFactorValue,J48_subtreeRaising,SimpleCart_numFoldsPruning,BestFirst_searchTermination,PART_pruning,BestFirst_direction,PART_numFolds,J48_useMDLcorrection,DecisionTable_search,DecisionTable_useIBk,GreedyStepwise_conservativeForwardSelection,GreedyStepwise_searchBackwards,PART_confidenceFactorValue,J48_minNumObj,J48_numFolds,DecisionTable_crossVal"
42,99,0.00000000,0.00000000,0.00000000,0.99935486,0011,0100,0060,0.22090135,"PART,DecisionTable,PART_binarySplits,J48,PART_useMDLcorrection,JRip,J48_useLaplace,Aggregator,SimpleCart,J48_collapseTree,PART_doNotMakeSplitPointActualValue,SimpleCart_usePrune,J48_doNotMakeSplitPointActualValue,JRip_checkErrorRate,SimpleCart_heuristic,J48_binarySplits,SimpleCart_minNumObj,DecisionTable_evaluationMeasure,DecisionTable_useIBk,J48_useMDLcorrection,DecisionTable_search,GreedyStepwise_searchBackwards,BestFirst_searchTermination,SimpleCart_numFoldsPruning,J48_pruning,PART_pruning,JRip_minNo,BestFirst_direction,PART_numFolds,J48_confidenceFactorValue,J48_subtreeRaising,GreedyStepwise_conservativeForwardSelection,PART_confidenceFactorValue,J48_minNumObj,J48_numFolds,JRip_usePruning,DecisionTable_crossVal,JRip_optimizations,JRip_folds,SimpleCart_useOneSE,PART_minNumObj"
43,99,0.00000000,0.00000000,0.00000000,0.99935486,0011,0100,0060,0.22090135,"J48,J48_useLaplace,Aggregator,JRip,J48_collapseTree,PART,JRip_checkErrorRate,SimpleCart,DecisionTable,J48_doNotMakeSplitPointActualValue,PART_doNotMakeSplitPointActualValue,PART_binarySplits,PART_useMDLcorrection,SimpleCart_heuristic,SimpleCart_usePrune,SimpleCart_numFoldsPruning,J48_pruning,J48_numFolds,DecisionTable_crossVal,J48_minNumObj,JRip_usePruning,PART_pruning,PART_confidenceFactorValue,J48_subtreeRaising,JRip_optimizations,JRip_folds,DecisionTable_evaluationMeasure,SimpleCart_minNumObj,SimpleCart_useOneSE,PART_minNumObj,J48_binarySplits,PART_numFolds,DecisionTable_search,BestFirst_direction,J48_useMDLcorrection,GreedyStepwise_searchBackwards,DecisionTable_useIBk,BestFirst_searchTermination,J48_confidenceFactorValue,GreedyStepwise_conservativeForwardSelection,JRip_minNo"
44,99,0.00000000,0.00000000,0.00000000,0.99935486,0011,0100,0060,0.22090135,"PART,Aggregator,JRip,J48,SimpleCart,SimpleCart_heuristic,JRip_checkErrorRate,J48_doNotMakeSplitPointActualValue,DecisionTable,J48_collapseTree,PART_doNotMakeSplitPointActualValue,J48_useLaplace,PART_binarySplits,PART_useMDLcorrection,SimpleCart_usePrune,SimpleCart_useOneSE,JRip_minNo,JRip_usePruning,SimpleCart_numFoldsPruning,J48_pruning,J48_confidenceFactorValue,J48_numFolds,DecisionTable_crossVal,J48_minNumObj,J48_useMDLcorrection,J48_binarySplits,DecisionTable_useIBk,JRip_optimizations,JRip_folds,SimpleCart_minNumObj,DecisionTable_evaluationMeasure,PART_minNumObj,DecisionTable_search,BestFirst_searchTermination,BestFirst_direction,GreedyStepwise_searchBackwards,PART_pruning,PART_numFolds,PART_confidenceFactorValue,J48_subtreeRaising,GreedyStepwise_conservativeForwardSelection"
45,99,0.00000000,0.00000000,0.00000000,0.99935486,0012,0100,0060,0.22090135,"Aggregator,J48,JRip,JRip_checkErrorRate,DecisionTable,PART,PART_binarySplits,SimpleCart,PART_doNotMakeSplitPointActualValue,PART_useMDLcorrection,J48_useLaplace,J48_collapseTree,J48_doNotMakeSplitPointActualValue,SimpleCart_usePrune,SimpleCart_heuristic,J48_useMDLcorrection,JRip_minNo,DecisionTable_search,GreedyStepwise_searchBackwards,GreedyStepwise_conservativeForwardSelection,SimpleCart_useOneSE,J48_binarySplits,BestFirst_searchTermination,SimpleCart_numFoldsPruning,J48_pruning,PART_pruning,J48_confidenceFactorValue,BestFirst_direction,DecisionTable_useIBk,PART_numFolds,J48_subtreeRaising,J48_numFolds,JRip_usePruning,DecisionTable_crossVal,J48_minNumObj,PART_confidenceFactorValue,JRip_folds,JRip_optimizations,DecisionTable_evaluationMeasure,PART_minNumObj,SimpleCart_minNumObj"
46,99,0.00000000,0.00000000,0.00000000,0.99967810,0017,0124,0067,0.22301557,"JRip,SimpleCart,PART,J48,Aggregator,J48_collapseTree,J48_useLaplace,PART_useMDLcorrection,SimpleCart_usePrune,JRip_minNo,J48_useMDLcorrection,J48_doNotMakeSplitPointActualValue,SimpleCart_useOneSE,J48_binarySplits,J48_minNumObj,PART_minNumObj,SimpleCart_numFoldsPruning,SimpleCart_heuristic,J48_pruning,J48_subtreeRaising,J48_numFolds,J48_confidenceFactorValue,JRip_usePruning,JRip_optimizations,PART_doNotMakeSplitPointActualValue,SimpleCart_minNumObj,PART_pruning,PART_confidenceFactorValue,GreedyStepwise_conservativeForwardSelection,GreedyStepwise_searchBackwards,DecisionTable_evaluationMeasure,BestFirst_searchTermination,PART_numFolds,JRip_checkErrorRate,PART_binarySplits,DecisionTable,DecisionTable_useIBk,DecisionTable_search,DecisionTable_crossVal,JRip_folds,BestFirst_direction"
47,99,0.00000000,0.00000000,0.00000000,0.99967810,0012,0111,0067,0.22301557,"PART,Aggregator,J48,SimpleCart,JRip,J48_useLaplace,J48_collapseTree,DecisionTable_useIBk,J48_subtreeRaising,J48_doNotMakeSplitPointActualValue,PART_doNotMakeSplitPointActualValue,SimpleCart_heuristic,JRip_usePruning,JRip_folds,JRip_optimizations,SimpleCart_minNumObj,PART_pruning,PART_useMDLcorrection,J48_pruning,J48_confidenceFactorValue,PART_binarySplits,J48_binarySplits,J48_useMDLcorrection,J48_minNumObj,PART_confidenceFactorValue,JRip_checkErrorRate,JRip_minNo,PART_minNumObj,J48_numFolds,PART_numFolds,SimpleCart_usePrune,SimpleCart_numFoldsPruning,DecisionTable,SimpleCart_useOneSE,DecisionTable_crossVal,DecisionTable_search,DecisionTable_evaluationMeasure,GreedyStepwise_conservativeForwardSelection,BestFirst_direction,GreedyStepwise_searchBackwards,BestFirst_searchTermination"
48,99,0.00000000,0.00000000,0.00000000,0.99967810,0009,0100,0067,0.22301557,"J48,JRip,J48_collapseTree,PART,Aggregator,SimpleCart,J48_useLaplace,J48_useMDLcorrection,PART_minNumObj,JRip_minNo,J48_minNumObj,SimpleCart_usePrune,SimpleCart_numFoldsPruning,JRip_usePruning,JRip_folds,J48_pruning,J48_subtreeRaising,J48_confidenceFactorValue,SimpleCart_useOneSE,J48_binarySplits,JRip_optimizations,PART_useMDLcorrection,PART_pruning,SimpleCart_minNumObj,PART_doNotMakeSplitPointActualValue,PART_confidenceFactorValue,SimpleCart_heuristic,PART_numFolds,JRip_checkErrorRate,PART_binarySplits,J48_doNotMakeSplitPointActualValue,DecisionTable,DecisionTable_search,DecisionTable_crossVal,BestFirst_direction,DecisionTable_useIBk,BestFirst_searchTermination,GreedyStepwise_conservativeForwardSelection,DecisionTable_evaluationMeasure,GreedyStepwise_searchBackwards,J48_numFolds"
49,99,0.00000000,0.00000000,0.00000000,0.99967810,0010,0100,0067,0.22301557,"JRip,SimpleCart,PART,J48,Aggregator,J48_collapseTree,J48_useLaplace,JRip_checkErrorRate,J48_minNumObj,J48_doNotMakeSplitPointActualValue,SimpleCart_minNumObj,J48_binarySplits,SimpleCart_usePrune,SimpleCart_numFoldsPruning,JRip_usePruning,PART_pruning,PART_confidenceFactorValue,SimpleCart_heuristic,SimpleCart_useOneSE,J48_pruning,J48_subtreeRaising,J48_numFolds,JRip_optimizations,PART_useMDLcorrection,PART_doNotMakeSplitPointActualValue,JRip_folds,PART_minNumObj,PART_numFolds,DecisionTable,PART_binarySplits,DecisionTable_search,J48_useMDLcorrection,DecisionTable_evaluationMeasure,GreedyStepwise_conservativeForwardSelection,BestFirst_direction,DecisionTable_useIBk,GreedyStepwise_searchBackwards,DecisionTable_crossVal,J48_confidenceFactorValue,BestFirst_searchTermination,JRip_minNo"
50,99,0.00000000,0.00000000,0.00000000,0.99967810,0009,0100,0067,0.22301557,"SimpleCart,J48,JRip,Aggregator,J48_useLaplace,PART,J48_collapseTree,JRip_minNo,PART_minNumObj,SimpleCart_heuristic,PART_pruning,PART_numFolds,PART_binarySplits,J48_doNotMakeSplitPointActualValue,J48_useMDLcorrection,J48_pruning,SimpleCart_usePrune,DecisionTable,DecisionTable_useIBk,JRip_checkErrorRate,J48_binarySplits,SimpleCart_numFoldsPruning,J48_subtreeRaising,DecisionTable_search,GreedyStepwise_conservativeForwardSelection,J48_numFolds,DecisionTable_evaluationMeasure,GreedyStepwise_searchBackwards,J48_minNumObj,PART_confidenceFactorValue,PART_useMDLcorrection,SimpleCart_minNumObj,JRip_usePruning,JRip_optimizations,PART_doNotMakeSplitPointActualValue,JRip_folds,DecisionTable_crossVal,BestFirst_direction,J48_confidenceFactorValue,BestFirst_searchTermination,SimpleCart_useOneSE"
51,99,0.00000000,0.00000000,0.00000000,0.99967810,0021,0163,0066,0.31558361,"Aggregator,PART,SimpleCart,PART_pruning,DecisionTable,SimpleCart_usePrune,PART_numFolds,PART_minNumObj,SimpleCart_numFoldsPruning,PART_useMDLcorrection,SimpleCart_minNumObj,SimpleCart_heuristic,JRip_checkErrorRate,J48_pruning,J48_subtreeRaising,J48_doNotMakeSplitPointActualValue,JRip_usePruning,J48_binarySplits,J48_collapseTree,PART_binarySplits,PART_confidenceFactorValue,DecisionTable_search,JRip_optimizations,DecisionTable_useIBk,J48,PART_doNotMakeSplitPointActualValue,GreedyStepwise_searchBackwards,JRip,J48_minNumObj,J48_confidenceFactorValue,JRip_minNo,J48_useMDLcorrection,BestFirst_direction,GreedyStepwise_conservativeForwardSelection,DecisionTable_crossVal,J48_numFolds,SimpleCart_useOneSE,J48_useLaplace,DecisionTable_evaluationMeasure,JRip_folds,BestFirst_searchTermination"
52,99,0.00000000,0.00000000,0.00000000,0.99967810,0014,0105,0066,0.31558361,"SimpleCart,PART,Aggregator,DecisionTable,PART_pruning,SimpleCart_usePrune,SimpleCart_heuristic,PART_useMDLcorrection,SimpleCart_numFoldsPruning,SimpleCart_minNumObj,J48_subtreeRaising,J48_pruning,JRip_checkErrorRate,J48_binarySplits,JRip_usePruning,J48_doNotMakeSplitPointActualValue,J48_collapseTree,JRip_folds,DecisionTable_evaluationMeasure,DecisionTable_crossVal,SimpleCart_useOneSE,J48_numFolds,DecisionTable_search,BestFirst_searchTermination,GreedyStepwise_conservativeForwardSelection,BestFirst_direction,GreedyStepwise_searchBackwards,JRip_optimizations,PART_confidenceFactorValue,J48_confidenceFactorValue,PART_binarySplits,DecisionTable_useIBk,PART_doNotMakeSplitPointActualValue,JRip,J48,J48_useLaplace,JRip_minNo,J48_useMDLcorrection,J48_minNumObj,PART_numFolds,PART_minNumObj"
53,99,0.00000000,0.00000000,0.00000000,0.99967810,0013,0100,0066,0.31558361,"SimpleCart,DecisionTable,PART,Aggregator,SimpleCart_usePrune,PART_pruning,SimpleCart_numFoldsPruning,SimpleCart_heuristic,PART_useMDLcorrection,SimpleCart_minNumObj,DecisionTable_evaluationMeasure,SimpleCart_useOneSE,PART_minNumObj,PART_numFolds,PART_confidenceFactorValue,DecisionTable_search,GreedyStepwise_searchBackwards,DecisionTable_useIBk,J48,PART_doNotMakeSplitPointActualValue,PART_binarySplits,J48_binarySplits,JRip,J48_collapseTree,JRip_checkErrorRate,J48_pruning,J48_doNotMakeSplitPointActualValue,JRip_usePruning,JRip_optimizations,J48_minNumObj,JRip_minNo,J48_subtreeRaising,J48_confidenceFactorValue,J48_useMDLcorrection,J48_useLaplace,GreedyStepwise_conservativeForwardSelection,BestFirst_searchTermination,JRip_folds,BestFirst_direction,J48_numFolds,DecisionTable_crossVal"
54,99,0.00000000,0.00000000,0.00000000,0.99967810,0012,0100,0066,0.31558361,"PART,Aggregator,SimpleCart,DecisionTable,PART_pruning,SimpleCart_usePrune,PART_confidenceFactorValue,DecisionTable_search,GreedyStepwise_searchBackwards,JRip,JRip_usePruning,J48,PART_binarySplits,DecisionTable_useIBk,J48_binarySplits,PART_doNotMakeSplitPointActualValue,J48_collapseTree,J48_doNotMakeSplitPointActualValue,JRip_optimizations,J48_minNumObj,JRip_minNo,GreedyStepwise_conservativeForwardSelection,DecisionTable_crossVal,SimpleCart_useOneSE,JRip_folds,J48_useLaplace,J48_useMDLcorrection,BestFirst_searchTermination,BestFirst_direction,DecisionTable_evaluationMeasure,PART_numFolds,PART_minNumObj,JRip_checkErrorRate,SimpleCart_minNumObj,SimpleCart_numFoldsPruning,J48_pruning,SimpleCart_heuristic,J48_confidenceFactorValue,J48_numFolds,PART_useMDLcorrection,J48_subtreeRaising"
55,99,0.00000000,0.00000000,0.00000000,0.99967810,0013,0100,0066,0.31558361,"PART,SimpleCart,Aggregator,DecisionTable,SimpleCart_usePrune,PART_pruning,DecisionTable_evaluationMeasure,SimpleCart_numFoldsPruning,SimpleCart_minNumObj,PART_useMDLcorrection,SimpleCart_heuristic,PART_minNumObj,PART_numFolds,PART_confidenceFactorValue,J48,PART_doNotMakeSplitPointActualValue,DecisionTable_useIBk,J48_doNotMakeSplitPointActualValue,J48_collapseTree,PART_binarySplits,DecisionTable_search,J48_pruning,J48_binarySplits,JRip,GreedyStepwise_searchBackwards,J48_subtreeRaising,JRip_usePruning,JRip_checkErrorRate,JRip_optimizations,J48_minNumObj,JRip_minNo,J48_confidenceFactorValue,J48_useMDLcorrection,BestFirst_searchTermination,JRip_folds,GreedyStepwise_conservativeForwardSelection,J48_useLaplace,BestFirst_direction,DecisionTable_crossVal,J48_numFolds,SimpleCart_useOneSE"
56,99,0.00000000,0.00000000,0.00000000,0.99967810,0023,0100,0057,0.23778228,"J48,J48_binarySplits,J48_doNotMakeSplitPointActualValue,SimpleCart,PART,J48_useLaplace,SimpleCart_usePrune,J48_collapseTree,JRip,SimpleCart_useOneSE,PART_binarySplits,DecisionTable,SimpleCart_heuristic,PART_doNotMakeSplitPointActualValue,PART_pruning,JRip_checkErrorRate,DecisionTable_search,DecisionTable_useIBk,GreedyStepwise_searchBackwards,JRip_usePruning,PART_confidenceFactorValue,DecisionTable_crossVal,JRip_folds,J48_pruning,DecisionTable_evaluationMeasure,J48_numFolds,PART_useMDLcorrection,SimpleCart_numFoldsPruning,J48_confidenceFactorValue,GreedyStepwise_conservativeForwardSelection,PART_numFolds,J48_useMDLcorrection,Aggregator,BestFirst_direction,J48_subtreeRaising,PART_minNumObj,JRip_optimizations,SimpleCart_minNumObj,JRip_minNo,BestFirst_searchTermination,J48_minNumObj"
57,99,0.00000000,0.00000000,0.00000000,0.99967810,0011,0100,0057,0.23778228,"PART,JRip,J48,PART_doNotMakeSplitPointActualValue,SimpleCart,PART_pruning,JRip_checkErrorRate,SimpleCart_heuristic,J48_binarySplits,DecisionTable,J48_collapseTree,PART_binarySplits,DecisionTable_useIBk,J48_useLaplace,DecisionTable_search,GreedyStepwise_searchBackwards,SimpleCart_usePrune,J48_doNotMakeSplitPointActualValue,SimpleCart_useOneSE,PART_numFolds,Aggregator,JRip_usePruning,DecisionTable_crossVal,J48_useMDLcorrection,BestFirst_direction,PART_useMDLcorrection,JRip_minNo,BestFirst_searchTermination,PART_minNumObj,J48_minNumObj,JRip_optimizations,SimpleCart_minNumObj,SimpleCart_numFoldsPruning,GreedyStepwise_conservativeForwardSelection,PART_confidenceFactorValue,J48_pruning,J48_subtreeRaising,J48_confidenceFactorValue,J48_numFolds,JRip_folds,DecisionTable_evaluationMeasure"
58,99,0.00000000,0.00000000,0.00000000,0.99967810,0011,0129,0057,0.23778228,"DecisionTable,DecisionTable_useIBk,PART,DecisionTable_search,SimpleCart,PART_binarySplits,SimpleCart_heuristic,JRip,J48,PART_doNotMakeSplitPointActualValue,SimpleCart_usePrune,GreedyStepwise_searchBackwards,PART_pruning,J48_useLaplace,SimpleCart_useOneSE,J48_doNotMakeSplitPointActualValue,J48_binarySplits,JRip_checkErrorRate,J48_collapseTree,J48_useMDLcorrection,PART_minNumObj,SimpleCart_numFoldsPruning,GreedyStepwise_conservativeForwardSelection,J48_confidenceFactorValue,PART_confidenceFactorValue,DecisionTable_crossVal,BestFirst_direction,PART_useMDLcorrection,DecisionTable_evaluationMeasure,SimpleCart_minNumObj,PART_numFolds,JRip_usePruning,Aggregator,BestFirst_searchTermination,JRip_optimizations,JRip_minNo,J48_minNumObj,J48_pruning,J48_subtreeRaising,J48_numFolds,JRip_folds"
59,99,0.00000000,0.00000000,0.00000000,0.99967810,0011,0100,0057,0.23778228,"PART,DecisionTable,PART_doNotMakeSplitPointActualValue,JRip,PART_pruning,SimpleCart,JRip_checkErrorRate,J48,J48_useLaplace,DecisionTable_search,PART_binarySplits,J48_collapseTree,DecisionTable_useIBk,J48_doNotMakeSplitPointActualValue,GreedyStepwise_searchBackwards,J48_binarySplits,SimpleCart_usePrune,SimpleCart_heuristic,SimpleCart_useOneSE,JRip_usePruning,J48_useMDLcorrection,BestFirst_searchTermination,PART_minNumObj,JRip_minNo,J48_minNumObj,PART_numFolds,JRip_optimizations,SimpleCart_minNumObj,SimpleCart_numFoldsPruning,DecisionTable_crossVal,Aggregator,PART_useMDLcorrection,GreedyStepwise_conservativeForwardSelection,BestFirst_direction,J48_pruning,J48_subtreeRaising,J48_confidenceFactorValue,PART_confidenceFactorValue,JRip_folds,DecisionTable_evaluationMeasure,J48_numFolds"
60,99,0.00000000,0.00000000,0.00000000,0.99967810,0013,0100,0057,0.23778228,"J48,DecisionTable,SimpleCart,JRip,J48_useLaplace,DecisionTable_useIBk,J48_collapseTree,J48_binarySplits,PART,SimpleCart_usePrune,J48_doNotMakeSplitPointActualValue,SimpleCart_heuristic,PART_pruning,JRip_checkErrorRate,DecisionTable_search,PART_binarySplits,SimpleCart_useOneSE,PART_doNotMakeSplitPointActualValue,GreedyStepwise_searchBackwards,J48_useMDLcorrection,DecisionTable_crossVal,JRip_usePruning,PART_numFolds,Aggregator,J48_pruning,J48_numFolds,JRip_folds,DecisionTable_evaluationMeasure,J48_confidenceFactorValue,PART_confidenceFactorValue,J48_minNumObj,BestFirst_searchTermination,PART_minNumObj,JRip_minNo,JRip_optimizations,SimpleCart_minNumObj,SimpleCart_numFoldsPruning,J48_subtreeRaising,PART_useMDLcorrection,BestFirst_direction,GreedyStepwise_conservativeForwardSelection"
61,99,0.00000000,0.00000000,0.00000000,0.99967810,0023,0140,0060,0.21907365,"SimpleCart,DecisionTable,J48,PART,J48_useLaplace,J48_doNotMakeSplitPointActualValue,PART_binarySplits,J48_collapseTree,DecisionTable_search,Aggregator,SimpleCart_usePrune,SimpleCart_heuristic,J48_binarySplits,PART_doNotMakeSplitPointActualValue,DecisionTable_crossVal,GreedyStepwise_searchBackwards,PART_minNumObj,DecisionTable_useIBk,J48_minNumObj,DecisionTable_evaluationMeasure,PART_pruning,PART_numFolds,SimpleCart_useOneSE,JRip,JRip_usePruning,JRip_checkErrorRate,PART_useMDLcorrection,GreedyStepwise_conservativeForwardSelection,JRip_optimizations,PART_confidenceFactorValue,SimpleCart_minNumObj,J48_useMDLcorrection,J48_confidenceFactorValue,BestFirst_direction,J48_subtreeRaising,JRip_minNo,SimpleCart_numFoldsPruning,J48_pruning,J48_numFolds,JRip_folds,BestFirst_searchTermination"
62,99,0.00000000,0.00000000,0.00000000,0.99967810,0012,0100,0060,0.21907365,"J48,SimpleCart,PART,PART_doNotMakeSplitPointActualValue,SimpleCart_usePrune,J48_binarySplits,Aggregator,J48_useLaplace,J48_collapseTree,PART_binarySplits,SimpleCart_heuristic,DecisionTable,J48_doNotMakeSplitPointActualValue,DecisionTable_search,PART_pruning,PART_minNumObj,PART_numFolds,PART_useMDLcorrection,GreedyStepwise_conservativeForwardSelection,SimpleCart_useOneSE,JRip,JRip_usePruning,JRip_checkErrorRate,JRip_optimizations,PART_confidenceFactorValue,DecisionTable_evaluationMeasure,SimpleCart_minNumObj,DecisionTable_useIBk,J48_useMDLcorrection,JRip_folds,DecisionTable_crossVal,BestFirst_searchTermination,J48_pruning,J48_numFolds,J48_minNumObj,J48_subtreeRaising,J48_confidenceFactorValue,BestFirst_direction,GreedyStepwise_searchBackwards,JRip_minNo,SimpleCart_numFoldsPruning"
63,99,0.00000000,0.00000000,0.00000000,0.99967810,0012,0100,0060,0.21907365,"DecisionTable,J48,J48_binarySplits,J48_doNotMakeSplitPointActualValue,SimpleCart,PART,J48_collapseTree,Aggregator,DecisionTable_search,SimpleCart_heuristic,SimpleCart_usePrune,PART_doNotMakeSplitPointActualValue,J48_useLaplace,PART_binarySplits,SimpleCart_numFoldsPruning,PART_pruning,PART_numFolds,PART_useMDLcorrection,GreedyStepwise_conservativeForwardSelection,JRip,JRip_minNo,JRip_checkErrorRate,JRip_usePruning,SimpleCart_useOneSE,DecisionTable_useIBk,SimpleCart_minNumObj,GreedyStepwise_searchBackwards,J48_pruning,JRip_folds,BestFirst_searchTermination,DecisionTable_crossVal,J48_numFolds,JRip_optimizations,J48_confidenceFactorValue,PART_confidenceFactorValue,PART_minNumObj,J48_useMDLcorrection,J48_minNumObj,DecisionTable_evaluationMeasure,BestFirst_direction,J48_subtreeRaising"
64,99,0.00000000,0.00000000,0.00000000,0.99967810,0011,0100,0060,0.21907365,"Aggregator,DecisionTable,DecisionTable_search,PART,J48,SimpleCart,SimpleCart_heuristic,J48_useLaplace,J48_collapseTree,PART_binarySplits,J48_binarySplits,PART_doNotMakeSplitPointActualValue,SimpleCart_usePrune,J48_doNotMakeSplitPointActualValue,GreedyStepwise_searchBackwards,SimpleCart_numFoldsPruning,PART_pruning,J48_minNumObj,SimpleCart_minNumObj,PART_minNumObj,PART_numFolds,GreedyStepwise_conservativeForwardSelection,PART_useMDLcorrection,JRip,JRip_usePruning,JRip_checkErrorRate,JRip_minNo,SimpleCart_useOneSE,JRip_folds,BestFirst_searchTermination,DecisionTable_crossVal,JRip_optimizations,J48_pruning,J48_numFolds,J48_confidenceFactorValue,J48_useMDLcorrection,BestFirst_direction,PART_confidenceFactorValue,DecisionTable_useIBk,DecisionTable_evaluationMeasure,J48_subtreeRaising"
65,99,0.00000000,0.00000000,0.00000000,0.99967810,0014,0100,0060,0.21907365,"PART,J48,Aggregator,DecisionTable,J48_binarySplits,PART_doNotMakeSplitPointActualValue,J48_collapseTree,J48_doNotMakeSplitPointActualValue,PART_binarySplits,SimpleCart,DecisionTable_search,J48_useLaplace,SimpleCart_usePrune,SimpleCart_heuristic,JRip_checkErrorRate,JRip_usePruning,PART_minNumObj,DecisionTable_crossVal,PART_pruning,PART_numFolds,SimpleCart_useOneSE,JRip,GreedyStepwise_conservativeForwardSelection,PART_useMDLcorrection,PART_confidenceFactorValue,J48_pruning,J48_subtreeRaising,SimpleCart_minNumObj,DecisionTable_useIBk,J48_minNumObj,BestFirst_direction,J48_numFolds,GreedyStepwise_searchBackwards,J48_confidenceFactorValue,JRip_minNo,SimpleCart_numFoldsPruning,JRip_folds,BestFirst_searchTermination,JRip_optimizations,DecisionTable_evaluationMeasure,J48_useMDLcorrection"
66,99,0.00000000,0.00000000,0.00000000,0.99967810,0019,0100,0066,0.22700735,"JRip,PART,DecisionTable,PART_doNotMakeSplitPointActualValue,SimpleCart,J48,PART_pruning,J48_binarySplits,J48_useMDLcorrection,J48_collapseTree,DecisionTable_evaluationMeasure,PART_confidenceFactorValue,JRip_checkErrorRate,JRip_usePruning,PART_minNumObj,DecisionTable_search,GreedyStepwise_searchBackwards,PART_numFolds,PART_binarySplits,DecisionTable_useIBk,J48_doNotMakeSplitPointActualValue,J48_pruning,SimpleCart_usePrune,J48_useLaplace,Aggregator,J48_subtreeRaising,SimpleCart_numFoldsPruning,SimpleCart_heuristic,SimpleCart_minNumObj,SimpleCart_useOneSE,DecisionTable_crossVal,JRip_folds,JRip_optimizations,GreedyStepwise_conservativeForwardSelection,J48_minNumObj,BestFirst_direction,J48_numFolds,BestFirst_searchTermination,JRip_minNo,J48_confidenceFactorValue,PART_useMDLcorrection"
67,99,0.00000000,0.00000000,0.00000000,0.99967810,0010,0100,0066,0.22700735,"PART,PART_doNotMakeSplitPointActualValue,SimpleCart,JRip,J48,DecisionTable,J48_useMDLcorrection,J48_binarySplits,PART_pruning,J48_collapseTree,JRip_minNo,SimpleCart_heuristic,SimpleCart_minNumObj,J48_useLaplace,DecisionTable_search,GreedyStepwise_conservativeForwardSelection,PART_confidenceFactorValue,JRip_checkErrorRate,JRip_usePruning,JRip_folds,DecisionTable_evaluationMeasure,JRip_optimizations,J48_minNumObj,BestFirst_direction,DecisionTable_crossVal,PART_minNumObj,GreedyStepwise_searchBackwards,PART_numFolds,J48_doNotMakeSplitPointActualValue,J48_pruning,SimpleCart_usePrune,DecisionTable_useIBk,J48_numFolds,J48_subtreeRaising,PART_binarySplits,Aggregator,J48_confidenceFactorValue,BestFirst_searchTermination,PART_useMDLcorrection,SimpleCart_numFoldsPruning,SimpleCart_useOneSE"
68,99,0.00000000,0.00000000,0.00000000,0.99967810,0010,0100,0066,0.22700735,"JRip,J48,PART,J48_binarySplits,PART_doNotMakeSplitPointActualValue,SimpleCart,DecisionTable,PART_pruning,J48_collapseTree,J48_useMDLcorrection,SimpleCart_heuristic,PART_binarySplits,DecisionTable_search,DecisionTable_crossVal,PART_confidenceFactorValue,JRip_usePruning,JRip_checkErrorRate,JRip_folds,GreedyStepwise_conservativeForwardSelection,JRip_optimizations,DecisionTable_evaluationMeasure,JRip_minNo,J48_minNumObj,BestFirst_direction,SimpleCart_usePrune,SimpleCart_numFoldsPruning,J48_useLaplace,PART_numFolds,DecisionTable_useIBk,J48_pruning,J48_doNotMakeSplitPointActualValue,J48_subtreeRaising,GreedyStepwise_searchBackwards,Aggregator,J48_confidenceFactorValue,PART_useMDLcorrection,J48_numFolds,BestFirst_searchTermination,PART_minNumObj,SimpleCart_minNumObj,SimpleCart_useOneSE"
69,99,0.00000000,0.00000000,0.00000000,0.99967810,0011,0100,0066,0.22700735,"JRip,PART,DecisionTable,SimpleCart,PART_doNotMakeSplitPointActualValue,J48,J48_binarySplits,PART_pruning,J48_useMDLcorrection,J48_collapseTree,SimpleCart_heuristic,PART_minNumObj,PART_numFolds,SimpleCart_usePrune,PART_binarySplits,DecisionTable_useIBk,J48_useLaplace,J48_doNotMakeSplitPointActualValue,J48_pruning,Aggregator,J48_confidenceFactorValue,PART_useMDLcorrection,SimpleCart_useOneSE,SimpleCart_numFoldsPruning,DecisionTable_crossVal,PART_confidenceFactorValue,JRip_checkErrorRate,J48_subtreeRaising,JRip_usePruning,JRip_optimizations,JRip_folds,DecisionTable_search,J48_minNumObj,BestFirst_direction,DecisionTable_evaluationMeasure,J48_numFolds,JRip_minNo,GreedyStepwise_searchBackwards,BestFirst_searchTermination,SimpleCart_minNumObj,GreedyStepwise_conservativeForwardSelection"
70,99,0.00000000,0.00000000,0.00000000,0.99967810,0010,0181,0066,0.22700735,"JRip,PART,SimpleCart,DecisionTable,PART_pruning,J48,PART_doNotMakeSplitPointActualValue,J48_binarySplits,J48_useMDLcorrection,J48_collapseTree,SimpleCart_heuristic,PART_binarySplits,DecisionTable_search,GreedyStepwise_conservativeForwardSelection,SimpleCart_minNumObj,JRip_minNo,DecisionTable_crossVal,PART_confidenceFactorValue,JRip_checkErrorRate,JRip_usePruning,JRip_folds,DecisionTable_evaluationMeasure,JRip_optimizations,BestFirst_direction,J48_minNumObj,J48_confidenceFactorValue,PART_useMDLcorrection,J48_subtreeRaising,J48_numFolds,BestFirst_searchTermination,PART_minNumObj,SimpleCart_numFoldsPruning,SimpleCart_useOneSE,PART_numFolds,DecisionTable_useIBk,J48_pruning,J48_doNotMakeSplitPointActualValue,J48_useLaplace,SimpleCart_usePrune,GreedyStepwise_searchBackwards,Aggregator"
71,99,0.00000000,0.00000000,0.00000000,0.99967810,0021,0100,0062,0.24941304,"JRip,PART,Aggregator,J48,SimpleCart,SimpleCart_heuristic,DecisionTable,DecisionTable_search,J48_binarySplits,J48_doNotMakeSplitPointActualValue,PART_binarySplits,SimpleCart_usePrune,J48_useLaplace,DecisionTable_useIBk,JRip_usePruning,BestFirst_direction,SimpleCart_useOneSE,GreedyStepwise_conservativeForwardSelection,PART_minNumObj,BestFirst_searchTermination,JRip_folds,PART_pruning,PART_numFolds,DecisionTable_evaluationMeasure,J48_minNumObj,DecisionTable_crossVal,SimpleCart_numFoldsPruning,GreedyStepwise_searchBackwards,J48_pruning,JRip_checkErrorRate,PART_doNotMakeSplitPointActualValue,J48_subtreeRaising,PART_useMDLcorrection,JRip_optimizations,JRip_minNo,J48_confidenceFactorValue,J48_useMDLcorrection,SimpleCart_minNumObj,PART_confidenceFactorValue,J48_numFolds,J48_collapseTree"
72,99,0.00000000,0.00000000,0.00000000,0.99967810,0011,0100,0062,0.24941304,"Aggregator,SimpleCart,PART,J48,JRip,SimpleCart_heuristic,DecisionTable,PART_binarySplits,SimpleCart_usePrune,DecisionTable_search,J48_useLaplace,J48_binarySplits,J48_doNotMakeSplitPointActualValue,DecisionTable_useIBk,PART_useMDLcorrection,SimpleCart_minNumObj,SimpleCart_numFoldsPruning,GreedyStepwise_searchBackwards,PART_doNotMakeSplitPointActualValue,GreedyStepwise_conservativeForwardSelection,J48_useMDLcorrection,PART_minNumObj,DecisionTable_crossVal,BestFirst_direction,JRip_usePruning,JRip_optimizations,JRip_minNo,J48_collapseTree,SimpleCart_useOneSE,BestFirst_searchTermination,JRip_checkErrorRate,J48_minNumObj,PART_pruning,PART_numFolds,J48_pruning,JRip_folds,DecisionTable_evaluationMeasure,J48_confidenceFactorValue,J48_subtreeRaising,J48_numFolds,PART_confidenceFactorValue"
73,99,0.00000000,0.00000000,0.00000000,0.99967810,0010,0100,0062,0.24941304,"J48,DecisionTable,DecisionTable_useIBk,PART,J48_doNotMakeSplitPointActualValue,Aggregator,SimpleCart,JRip,DecisionTable_search,J48_useLaplace,J48_binarySplits,PART_binarySplits,SimpleCart_heuristic,SimpleCart_usePrune,SimpleCart_minNumObj,PART_useMDLcorrection,JRip_usePruning,DecisionTable_evaluationMeasure,GreedyStepwise_searchBackwards,J48_collapseTree,J48_pruning,BestFirst_direction,PART_doNotMakeSplitPointActualValue,JRip_minNo,J48_confidenceFactorValue,JRip_optimizations,J48_useMDLcorrection,SimpleCart_numFoldsPruning,GreedyStepwise_conservativeForwardSelection,J48_subtreeRaising,SimpleCart_useOneSE,PART_pruning,PART_confidenceFactorValue,J48_numFolds,DecisionTable_crossVal,J48_minNumObj,JRip_checkErrorRate,BestFirst_searchTermination,JRip_folds,PART_numFolds,PART_minNumObj"
74,99,0.00000000,0.00000000,0.00000000,0.99967810,0011,0100,0062,0.24941304,"PART,JRip,J48,PART_binarySplits,J48_doNotMakeSplitPointActualValue,Aggregator,DecisionTable,J48_binarySplits,SimpleCart,J48_useLaplace,DecisionTable_search,DecisionTable_useIBk,SimpleCart_usePrune,SimpleCart_heuristic,PART_doNotMakeSplitPointActualValue,J48_collapseTree,PART_useMDLcorrection,SimpleCart_useOneSE,BestFirst_direction,SimpleCart_numFoldsPruning,GreedyStepwise_searchBackwards,GreedyStepwise_conservativeForwardSelection,J48_useMDLcorrection,SimpleCart_minNumObj,J48_minNumObj,JRip_usePruning,JRip_optimizations,JRip_minNo,JRip_folds,BestFirst_searchTermination,PART_pruning,DecisionTable_crossVal,JRip_checkErrorRate,PART_numFolds,DecisionTable_evaluationMeasure,PART_minNumObj,J48_pruning,J48_confidenceFactorValue,J48_subtreeRaising,J48_numFolds,PART_confidenceFactorValue"
75,99,0.00000000,0.00000000,0.00000000,0.99967810,0011,0100,0062,0.24941304,"PART,DecisionTable,J48,SimpleCart,JRip,J48_doNotMakeSplitPointActualValue,Aggregator,SimpleCart_usePrune,DecisionTable_search,PART_binarySplits,J48_useLaplace,DecisionTable_useIBk,SimpleCart_heuristic,J48_binarySplits,JRip_usePruning,JRip_folds,BestFirst_searchTermination,JRip_checkErrorRate,J48_minNumObj,PART_pruning,DecisionTable_crossVal,BestFirst_direction,SimpleCart_numFoldsPruning,PART_doNotMakeSplitPointActualValue,PART_useMDLcorrection,GreedyStepwise_conservativeForwardSelection,GreedyStepwise_searchBackwards,PART_confidenceFactorValue,J48_collapseTree,PART_minNumObj,PART_numFolds,J48_pruning,J48_numFolds,J48_subtreeRaising,DecisionTable_evaluationMeasure,SimpleCart_useOneSE,SimpleCart_minNumObj,JRip_minNo,J48_confidenceFactorValue,JRip_optimizations,J48_useMDLcorrection"
76,99,0.00000000,0.00000000,0.00000000,0.99967810,0017,0100,0064,0.29119432,"SimpleCart,PART,JRip,PART_doNotMakeSplitPointActualValue,JRip_checkErrorRate,SimpleCart_heuristic,J48_useLaplace,J48_binarySplits,J48_pruning,J48_subtreeRaising,SimpleCart_useOneSE,DecisionTable_useIBk,SimpleCart_minNumObj,SimpleCart_usePrune,JRip_usePruning,JRip_optimizations,PART_minNumObj,JRip_minNo,JRip_folds,PART_binarySplits,J48_numFolds,J48_confidenceFactorValue,PART_pruning,PART_numFolds,DecisionTable,Aggregator,DecisionTable_crossVal,SimpleCart_numFoldsPruning,PART_useMDLcorrection,DecisionTable_evaluationMeasure,DecisionTable_search,GreedyStepwise_searchBackwards,BestFirst_direction,BestFirst_searchTermination,GreedyStepwise_conservativeForwardSelection,PART_confidenceFactorValue,J48,J48_doNotMakeSplitPointActualValue,J48_useMDLcorrection,J48_minNumObj,J48_collapseTree"
77,99,0.00000000,0.00000000,0.00000000,0.99967810,0008,0221,0064,0.29119432,"JRip,SimpleCart,SimpleCart_heuristic,PART,JRip_checkErrorRate,PART_doNotMakeSplitPointActualValue,PART_binarySplits,JRip_usePruning,JRip_optimizations,PART_minNumObj,DecisionTable_evaluationMeasure,DecisionTable_crossVal,BestFirst_searchTermination,SimpleCart_minNumObj,PART_pruning,PART_numFolds,PART_useMDLcorrection,Aggregator,DecisionTable,DecisionTable_useIBk,SimpleCart_numFoldsPruning,BestFirst_direction,J48_useMDLcorrection,J48_numFolds,GreedyStepwise_conservativeForwardSelection,GreedyStepwise_searchBackwards,J48_doNotMakeSplitPointActualValue,J48_binarySplits,J48_useLaplace,J48_pruning,J48_subtreeRaising,PART_confidenceFactorValue,J48,J48_minNumObj,J48_confidenceFactorValue,J48_collapseTree,DecisionTable_search,SimpleCart_usePrune,SimpleCart_useOneSE,JRip_minNo,JRip_folds"
78,99,0.00000000,0.00000000,0.00000000,0.99967810,0009,0100,0064,0.29119432,"SimpleCart,JRip,PART,PART_doNotMakeSplitPointActualValue,SimpleCart_heuristic,JRip_checkErrorRate,SimpleCart_usePrune,SimpleCart_useOneSE,SimpleCart_minNumObj,PART_pruning,PART_useMDLcorrection,PART_confidenceFactorValue,J48,J48_binarySplits,J48_minNumObj,J48_collapseTree,J48_useLaplace,J48_pruning,J48_subtreeRaising,J48_confidenceFactorValue,J48_useMDLcorrection,J48_numFolds,JRip_usePruning,JRip_optimizations,PART_minNumObj,PART_binarySplits,PART_numFolds,J48_doNotMakeSplitPointActualValue,SimpleCart_numFoldsPruning,DecisionTable,DecisionTable_crossVal,DecisionTable_evaluationMeasure,Aggregator,DecisionTable_useIBk,DecisionTable_search,BestFirst_direction,GreedyStepwise_searchBackwards,GreedyStepwise_conservativeForwardSelection,BestFirst_searchTermination,JRip_folds,JRip_minNo"
79,99,0.00000000,0.00000000,0.00000000,0.99967810,0009,0100,0064,0.29119432,"JRip,SimpleCart,PART,JRip_checkErrorRate,PART_doNotMakeSplitPointActualValue,SimpleCart_heuristic,PART_useMDLcorrection,JRip_usePruning,JRip_optimizations,PART_minNumObj,SimpleCart_minNumObj,JRip_folds,JRip_minNo,PART_pruning,PART_confidenceFactorValue,J48,J48_useLaplace,J48_binarySplits,J48_minNumObj,J48_pruning,J48_collapseTree,J48_confidenceFactorValue,J48_subtreeRaising,SimpleCart_usePrune,SimpleCart_useOneSE,BestFirst_searchTermination,DecisionTable_evaluationMeasure,DecisionTable_crossVal,DecisionTable_search,GreedyStepwise_searchBackwards,J48_numFolds,J48_useMDLcorrection,PART_binarySplits,GreedyStepwise_conservativeForwardSelection,J48_doNotMakeSplitPointActualValue,PART_numFolds,SimpleCart_numFoldsPruning,BestFirst_direction,DecisionTable,Aggregator,DecisionTable_useIBk"
80,99,0.00000000,0.00000000,0.00000000,0.99967810,0007,0128,0064,0.29119432,"SimpleCart,JRip,SimpleCart_heuristic,PART,PART_doNotMakeSplitPointActualValue,JRip_checkErrorRate,PART_minNumObj,PART_pruning,PART_numFolds,PART_binarySplits,PART_useMDLcorrection,JRip_usePruning,DecisionTable,Aggregator,DecisionTable_useIBk,GreedyStepwise_conservativeForwardSelection,SimpleCart_numFoldsPruning,BestFirst_direction,GreedyStepwise_searchBackwards,J48_doNotMakeSplitPointActualValue,J48_numFolds,J48_useMDLcorrection,JRip_optimizations,DecisionTable_crossVal,DecisionTable_evaluationMeasure,PART_confidenceFactorValue,J48,J48_useLaplace,J48_binarySplits,J48_pruning,J48_minNumObj,J48_collapseTree,J48_confidenceFactorValue,J48_subtreeRaising,SimpleCart_usePrune,DecisionTable_search,SimpleCart_useOneSE,BestFirst_searchTermination,SimpleCart_minNumObj,JRip_minNo,JRip_folds"
81,99,0.00000000,0.00000000,0.00000000,0.99967810,0017,0100,0067,0.31215497,"SimpleCart,JRip,SimpleCart_usePrune,PART,PART_pruning,JRip_usePruning,JRip_minNo,SimpleCart_heuristic,PART_confidenceFactorValue,JRip_checkErrorRate,J48,J48_useLaplace,J48_doNotMakeSplitPointActualValue,J48_collapseTree,J48_minNumObj,SimpleCart_numFoldsPruning,SimpleCart_minNumObj,PART_minNumObj,PART_useMDLcorrection,JRip_optimizations,J48_binarySplits,PART_numFolds,PART_doNotMakeSplitPointActualValue,JRip_folds,J48_pruning,DecisionTable,J48_confidenceFactorValue,PART_binarySplits,DecisionTable_useIBk,J48_useMDLcorrection,DecisionTable_crossVal,J48_subtreeRaising,DecisionTable_evaluationMeasure,DecisionTable_search,GreedyStepwise_conservativeForwardSelection,BestFirst_direction,GreedyStepwise_searchBackwards,J48_numFolds,BestFirst_searchTermination,SimpleCart_useOneSE,Aggregator"
82,99,0.00000000,0.00000000,0.00000000,0.99967810,0010,0100,0067,0.31215497,"SimpleCart,JRip,JRip_usePruning,PART,SimpleCart_usePrune,PART_pruning,SimpleCart_useOneSE,JRip_minNo,JRip_checkErrorRate,JRip_optimizations,PART_doNotMakeSplitPointActualValue,PART_minNumObj,PART_numFolds,DecisionTable,DecisionTable_search,GreedyStepwise_conservativeForwardSelection,PART_binarySplits,JRip_folds,SimpleCart_heuristic,DecisionTable_crossVal,PART_useMDLcorrection,DecisionTable_evaluationMeasure,PART_confidenceFactorValue,J48,J48_pruning,J48_confidenceFactorValue,J48_binarySplits,J48_subtreeRaising,J48_collapseTree,J48_useMDLcorrection,DecisionTable_useIBk,J48_useLaplace,J48_doNotMakeSplitPointActualValue,SimpleCart_minNumObj,J48_minNumObj,SimpleCart_numFoldsPruning,BestFirst_direction,BestFirst_searchTermination,J48_numFolds,Aggregator,GreedyStepwise_searchBackwards"
83,99,0.00000000,0.00000000,0.00000000,0.99967810,0010,0100,0067,0.31215497,"JRip,PART,JRip_usePruning,SimpleCart,PART_pruning,SimpleCart_usePrune,PART_binarySplits,SimpleCart_minNumObj,JRip_checkErrorRate,PART_doNotMakeSplitPointActualValue,PART_useMDLcorrection,JRip_minNo,SimpleCart_useOneSE,SimpleCart_heuristic,JRip_folds,PART_confidenceFactorValue,J48,J48_doNotMakeSplitPointActualValue,J48_collapseTree,J48_useLaplace,J48_useMDLcorrection,J48_minNumObj,SimpleCart_numFoldsPruning,J48_binarySplits,J48_pruning,J48_subtreeRaising,J48_numFolds,Aggregator,PART_numFolds,DecisionTable,DecisionTable_search,DecisionTable_crossVal,BestFirst_direction,GreedyStepwise_searchBackwards,BestFirst_searchTermination,DecisionTable_evaluationMeasure,J48_confidenceFactorValue,DecisionTable_useIBk,JRip_optimizations,PART_minNumObj,GreedyStepwise_conservativeForwardSelection"
84,99,0.00000000,0.00000000,0.00000000,0.99967810,0012,0100,0067,0.31215497,"SimpleCart,SimpleCart_usePrune,JRip,JRip_usePruning,PART,PART_pruning,SimpleCart_useOneSE,PART_doNotMakeSplitPointActualValue,PART_confidenceFactorValue,J48,JRip_checkErrorRate,J48_useLaplace,J48_doNotMakeSplitPointActualValue,J48_collapseTree,J48_binarySplits,SimpleCart_minNumObj,JRip_minNo,JRip_optimizations,PART_minNumObj,PART_numFolds,JRip_folds,SimpleCart_heuristic,J48_pruning,PART_binarySplits,DecisionTable,J48_useMDLcorrection,PART_useMDLcorrection,J48_confidenceFactorValue,J48_subtreeRaising,DecisionTable_evaluationMeasure,DecisionTable_search,DecisionTable_crossVal,DecisionTable_useIBk,GreedyStepwise_conservativeForwardSelection,J48_numFolds,BestFirst_searchTermination,GreedyStepwise_searchBackwards,Aggregator,J48_minNumObj,SimpleCart_numFoldsPruning,BestFirst_direction"
85,99,0.00000000,0.00000000,0.00000000,0.99967810,0010,0100,0067,0.31215497,"SimpleCart,JRip,JRip_usePruning,PART,PART_pruning,SimpleCart_usePrune,PART_numFolds,SimpleCart_heuristic,PART_useMDLcorrection,DecisionTable,JRip_folds,PART_binarySplits,DecisionTable_crossVal,DecisionTable_search,PART_confidenceFactorValue,J48,J48_useLaplace,J48_useMDLcorrection,J48_doNotMakeSplitPointActualValue,JRip_checkErrorRate,J48_collapseTree,J48_pruning,J48_subtreeRaising,J48_binarySplits,J48_numFolds,BestFirst_searchTermination,Aggregator,SimpleCart_minNumObj,GreedyStepwise_searchBackwards,SimpleCart_useOneSE,JRip_minNo,J48_minNumObj,SimpleCart_numFoldsPruning,BestFirst_direction,JRip_optimizations,PART_doNotMakeSplitPointActualValue,DecisionTable_evaluationMeasure,PART_minNumObj,GreedyStepwise_conservativeForwardSelection,J48_confidenceFactorValue,DecisionTable_useIBk"
86,99,0.00000000,0.00000000,0.00000000,0.99967810,0016,0100,0065,0.21814622,"PART,DecisionTable,PART_useMDLcorrection,PART_doNotMakeSplitPointActualValue,J48,SimpleCart,J48_binarySplits,J48_useLaplace,J48_useMDLcorrection,SimpleCart_heuristic,PART_binarySplits,J48_collapseTree,PART_pruning,PART_numFolds,SimpleCart_usePrune,J48_pruning,DecisionTable_useIBk,JRip,JRip_checkErrorRate,J48_subtreeRaising,J48_minNumObj,JRip_usePruning,JRip_folds,SimpleCart_numFoldsPruning,DecisionTable_evaluationMeasure,JRip_minNo,J48_numFolds,J48_doNotMakeSplitPointActualValue,PART_confidenceFactorValue,SimpleCart_useOneSE,DecisionTable_crossVal,J48_confidenceFactorValue,PART_minNumObj,JRip_optimizations,DecisionTable_search,BestFirst_direction,GreedyStepwise_conservativeForwardSelection,GreedyStepwise_searchBackwards,SimpleCart_minNumObj,BestFirst_searchTermination,Aggregator"
87,99,0.00000000,0.00000000,0.00000000,0.99967810,0009,0100,0065,0.21814622,"SimpleCart,DecisionTable,J48,SimpleCart_heuristic,PART,J48_useMDLcorrection,PART_useMDLcorrection,PART_doNotMakeSplitPointActualValue,J48_useLaplace,J48_binarySplits,J48_doNotMakeSplitPointActualValue,SimpleCart_usePrune,J48_pruning,SimpleCart_useOneSE,SimpleCart_minNumObj,DecisionTable_crossVal,J48_confidenceFactorValue,J48_collapseTree,DecisionTable_useIBk,J48_subtreeRaising,PART_pruning,PART_confidenceFactorValue,PART_binarySplits,J48_numFolds,SimpleCart_numFoldsPruning,DecisionTable_evaluationMeasure,PART_numFolds,JRip,JRip_checkErrorRate,JRip_minNo,JRip_usePruning,JRip_folds,J48_minNumObj,DecisionTable_search,BestFirst_direction,GreedyStepwise_conservativeForwardSelection,GreedyStepwise_searchBackwards,BestFirst_searchTermination,Aggregator,PART_minNumObj,JRip_optimizations"
88,99,0.00000000,0.00000000,0.00000000,0.99967810,0007,0100,0065,0.21814622,"SimpleCart,SimpleCart_heuristic,PART,PART_useMDLcorrection,J48,DecisionTable,J48_binarySplits,PART_doNotMakeSplitPointActualValue,J48_useLaplace,J48_useMDLcorrection,DecisionTable_search,PART_binarySplits,PART_minNumObj,BestFirst_searchTermination,Aggregator,PART_pruning,BestFirst_direction,DecisionTable_evaluationMeasure,DecisionTable_crossVal,PART_confidenceFactorValue,J48_collapseTree,SimpleCart_usePrune,SimpleCart_useOneSE,PART_numFolds,JRip,DecisionTable_useIBk,J48_pruning,GreedyStepwise_conservativeForwardSelection,JRip_usePruning,JRip_checkErrorRate,J48_subtreeRaising,JRip_minNo,J48_numFolds,J48_confidenceFactorValue,JRip_optimizations,J48_doNotMakeSplitPointActualValue,SimpleCart_numFoldsPruning,SimpleCart_minNumObj,GreedyStepwise_searchBackwards,JRip_folds,J48_minNumObj"
89,99,0.00000000,0.00000000,0.00000000,0.99967810,0011,0115,0065,0.21814622,"J48,PART,J48_binarySplits,SimpleCart,PART_doNotMakeSplitPointActualValue,DecisionTable,J48_useMDLcorrection,J48_useLaplace,PART_useMDLcorrection,SimpleCart_heuristic,PART_minNumObj,PART_binarySplits,SimpleCart_usePrune,SimpleCart_useOneSE,DecisionTable_evaluationMeasure,J48_collapseTree,SimpleCart_numFoldsPruning,DecisionTable_search,BestFirst_searchTermination,Aggregator,PART_pruning,JRip_optimizations,DecisionTable_crossVal,SimpleCart_minNumObj,GreedyStepwise_searchBackwards,PART_confidenceFactorValue,JRip_usePruning,J48_confidenceFactorValue,JRip_minNo,PART_numFolds,GreedyStepwise_conservativeForwardSelection,J48_pruning,DecisionTable_useIBk,JRip,JRip_checkErrorRate,J48_subtreeRaising,J48_numFolds,BestFirst_direction,J48_doNotMakeSplitPointActualValue,JRip_folds,J48_minNumObj"
90,99,0.00000000,0.00000000,0.00000000,0.99967810,0008,0100,0065,0.21814622,"J48,J48_binarySplits,PART,J48_useLaplace,SimpleCart,PART_doNotMakeSplitPointActualValue,DecisionTable,SimpleCart_heuristic,PART_useMDLcorrection,J48_useMDLcorrection,SimpleCart_usePrune,SimpleCart_useOneSE,SimpleCart_numFoldsPruning,DecisionTable_evaluationMeasure,J48_minNumObj,DecisionTable_useIBk,DecisionTable_crossVal,PART_minNumObj,J48_pruning,J48_confidenceFactorValue,J48_collapseTree,J48_numFolds,J48_doNotMakeSplitPointActualValue,J48_subtreeRaising,SimpleCart_minNumObj,PART_pruning,PART_confidenceFactorValue,PART_numFolds,PART_binarySplits,JRip,JRip_checkErrorRate,JRip_usePruning,JRip_optimizations,JRip_folds,DecisionTable_search,BestFirst_direction,GreedyStepwise_conservativeForwardSelection,GreedyStepwise_searchBackwards,BestFirst_searchTermination,Aggregator,JRip_minNo"
91,99,0.00000000,0.00000000,0.00000000,0.99967810,0017,0100,0067,0.27915124,"SimpleCart,JRip,PART,SimpleCart_heuristic,SimpleCart_usePrune,PART_pruning,PART_minNumObj,SimpleCart_useOneSE,PART_numFolds,PART_confidenceFactorValue,PART_binarySplits,SimpleCart_numFoldsPruning,JRip_usePruning,JRip_folds,J48,J48_collapseTree,J48_useLaplace,J48_doNotMakeSplitPointActualValue,PART_doNotMakeSplitPointActualValue,PART_useMDLcorrection,J48_useMDLcorrection,J48_binarySplits,J48_minNumObj,JRip_optimizations,DecisionTable,DecisionTable_useIBk,SimpleCart_minNumObj,DecisionTable_crossVal,DecisionTable_search,DecisionTable_evaluationMeasure,GreedyStepwise_conservativeForwardSelection,GreedyStepwise_searchBackwards,BestFirst_direction,JRip_checkErrorRate,JRip_minNo,BestFirst_searchTermination,J48_pruning,J48_numFolds,J48_subtreeRaising,J48_confidenceFactorValue,Aggregator"
92,99,0.00000000,0.00000000,0.00000000,0.99967810,0010,0100,0067,0.27915124,"JRip,SimpleCart,PART,SimpleCart_heuristic,PART_pruning,SimpleCart_usePrune,PART_minNumObj,JRip_usePruning,JRip_folds,PART_doNotMakeSplitPointActualValue,PART_useMDLcorrection,PART_confidenceFactorValue,PART_binarySplits,SimpleCart_useOneSE,SimpleCart_numFoldsPruning,J48,J48_collapseTree,J48_useMDLcorrection,J48_useLaplace,J48_pruning,J48_subtreeRaising,J48_doNotMakeSplitPointActualValue,J48_binarySplits,J48_confidenceFactorValue,Aggregator,J48_minNumObj,JRip_optimizations,DecisionTable,DecisionTable_useIBk,SimpleCart_minNumObj,DecisionTable_evaluationMeasure,DecisionTable_crossVal,J48_numFolds,JRip_checkErrorRate,DecisionTable_search,PART_numFolds,GreedyStepwise_searchBackwards,GreedyStepwise_conservativeForwardSelection,BestFirst_searchTermination,JRip_minNo,BestFirst_direction"
93,99,0.00000000,0.00000000,0.00000000,0.99967810,0010,0126,0067,0.27915124,"JRip,SimpleCart,PART,SimpleCart_usePrune,PART_pruning,SimpleCart_heuristic,JRip_minNo,SimpleCart_useOneSE,JRip_checkErrorRate,PART_confidenceFactorValue,PART_binarySplits,SimpleCart_numFoldsPruning,JRip_usePruning,J48,JRip_folds,J48_collapseTree,PART_useMDLcorrection,J48_useMDLcorrection,PART_doNotMakeSplitPointActualValue,BestFirst_searchTermination,J48_binarySplits,J48_pruning,J48_subtreeRaising,BestFirst_direction,GreedyStepwise_conservativeForwardSelection,DecisionTable_evaluationMeasure,DecisionTable_useIBk,DecisionTable_crossVal,J48_numFolds,J48_confidenceFactorValue,Aggregator,PART_minNumObj,J48_doNotMakeSplitPointActualValue,JRip_optimizations,SimpleCart_minNumObj,J48_minNumObj,DecisionTable,DecisionTable_search,PART_numFolds,J48_useLaplace,GreedyStepwise_searchBackwards"
94,99,0.00000000,0.00000000,0.00000000,0.99967810,0010,0100,0067,0.27915124,"SimpleCart,JRip,SimpleCart_heuristic,PART,SimpleCart_usePrune,PART_pruning,PART_doNotMakeSplitPointActualValue,SimpleCart_numFoldsPruning,JRip_usePruning,J48,J48_useMDLcorrection,J48_collapseTree,J48_doNotMakeSplitPointActualValue,J48_minNumObj,JRip_optimizations,PART_minNumObj,SimpleCart_minNumObj,DecisionTable,DecisionTable_useIBk,DecisionTable_evaluationMeasure,DecisionTable_crossVal,SimpleCart_useOneSE,J48_binarySplits,PART_binarySplits,J48_useLaplace,JRip_checkErrorRate,JRip_minNo,PART_useMDLcorrection,DecisionTable_search,PART_numFolds,GreedyStepwise_conservativeForwardSelection,BestFirst_searchTermination,GreedyStepwise_searchBackwards,BestFirst_direction,J48_pruning,J48_confidenceFactorValue,J48_subtreeRaising,J48_numFolds,Aggregator,PART_confidenceFactorValue,JRip_folds"
95,99,0.00000000,0.00000000,0.00000000,0.99967810,0011,0136,0067,0.27915124,"PART,PART_pruning,JRip,SimpleCart,SimpleCart_heuristic,SimpleCart_usePrune,JRip_minNo,PART_binarySplits,PART_confidenceFactorValue,PART_doNotMakeSplitPointActualValue,SimpleCart_minNumObj,PART_numFolds,JRip_folds,PART_useMDLcorrection,DecisionTable_crossVal,SimpleCart_useOneSE,J48_confidenceFactorValue,Aggregator,BestFirst_searchTermination,J48_pruning,J48_numFolds,JRip_checkErrorRate,BestFirst_direction,DecisionTable_search,GreedyStepwise_searchBackwards,J48_binarySplits,J48_useLaplace,J48_doNotMakeSplitPointActualValue,J48_subtreeRaising,SimpleCart_numFoldsPruning,GreedyStepwise_conservativeForwardSelection,J48,JRip_usePruning,J48_collapseTree,J48_useMDLcorrection,J48_minNumObj,JRip_optimizations,PART_minNumObj,DecisionTable,DecisionTable_useIBk,DecisionTable_evaluationMeasure"
96,99,0.00000000,0.00000000,0.00000000,0.99967810,0020,0100,0062,0.22717905,"JRip,PART,SimpleCart,PART_doNotMakeSplitPointActualValue,SimpleCart_heuristic,PART_useMDLcorrection,DecisionTable,PART_binarySplits,JRip_usePruning,SimpleCart_usePrune,JRip_optimizations,DecisionTable_useIBk,SimpleCart_useOneSE,JRip_checkErrorRate,DecisionTable_crossVal,Aggregator,JRip_folds,DecisionTable_search,GreedyStepwise_conservativeForwardSelection,GreedyStepwise_searchBackwards,BestFirst_searchTermination,SimpleCart_minNumObj,J48,J48_pruning,J48_useLaplace,JRip_minNo,J48_collapseTree,J48_subtreeRaising,J48_doNotMakeSplitPointActualValue,J48_useMDLcorrection,J48_binarySplits,J48_numFolds,BestFirst_direction,J48_minNumObj,J48_confidenceFactorValue,PART_pruning,PART_minNumObj,PART_confidenceFactorValue,PART_numFolds,SimpleCart_numFoldsPruning,DecisionTable_evaluationMeasure"
97,99,0.00000000,0.00000000,0.00000000,0.99967810,0011,0100,0062,0.22717905,"DecisionTable,SimpleCart,JRip,PART,SimpleCart_heuristic,SimpleCart_usePrune,JRip_usePruning,PART_binarySplits,PART_useMDLcorrection,PART_doNotMakeSplitPointActualValue,DecisionTable_search,GreedyStepwise_conservativeForwardSelection,SimpleCart_minNumObj,BestFirst_searchTermination,J48,JRip_minNo,J48_doNotMakeSplitPointActualValue,J48_collapseTree,J48_useLaplace,J48_binarySplits,J48_useMDLcorrection,JRip_optimizations,DecisionTable_crossVal,SimpleCart_useOneSE,DecisionTable_useIBk,J48_pruning,Aggregator,JRip_checkErrorRate,JRip_folds,GreedyStepwise_searchBackwards,J48_subtreeRaising,J48_numFolds,BestFirst_direction,SimpleCart_numFoldsPruning,DecisionTable_evaluationMeasure,PART_minNumObj,J48_confidenceFactorValue,PART_pruning,J48_minNumObj,PART_numFolds,PART_confidenceFactorValue"
98,99,0.00000000,0.00000000,0.00000000,0.99967810,0010,0100,0062,0.22717905,"SimpleCart,DecisionTable,JRip,SimpleCart_usePrune,JRip_usePruning,PART,SimpleCart_heuristic,PART_doNotMakeSplitPointActualValue,PART_useMDLcorrection,PART_binarySplits,SimpleCart_useOneSE,JRip_optimizations,DecisionTable_crossVal,JRip_checkErrorRate,JRip_folds,Aggregator,DecisionTable_useIBk,DecisionTable_search,GreedyStepwise_searchBackwards,GreedyStepwise_conservativeForwardSelection,BestFirst_searchTermination,SimpleCart_minNumObj,J48,JRip_minNo,J48_collapseTree,J48_doNotMakeSplitPointActualValue,J48_pruning,J48_subtreeRaising,J48_binarySplits,J48_useLaplace,J48_useMDLcorrection,J48_numFolds,BestFirst_direction,J48_minNumObj,J48_confidenceFactorValue,PART_pruning,PART_confidenceFactorValue,PART_minNumObj,PART_numFolds,SimpleCart_numFoldsPruning,DecisionTable_evaluationMeasure"
99,99,0.00000000,0.00000000,0.00000000,0.99967810,0010,0100,0062,0.22717905,"JRip,DecisionTable,SimpleCart,PART,PART_binarySplits,JRip_usePruning,PART_doNotMakeSplitPointActualValue,PART_useMDLcorrection,SimpleCart_heuristic,SimpleCart_usePrune,PART_minNumObj,SimpleCart_numFoldsPruning,DecisionTable_evaluationMeasure,PART_pruning,PART_numFolds,PART_confidenceFactorValue,JRip_folds,DecisionTable_search,GreedyStepwise_conservativeForwardSelection,GreedyStepwise_searchBackwards,BestFirst_direction,DecisionTable_crossVal,JRip_optimizations,Aggregator,SimpleCart_useOneSE,DecisionTable_useIBk,JRip_checkErrorRate,SimpleCart_minNumObj,BestFirst_searchTermination,J48,J48_doNotMakeSplitPointActualValue,J48_useMDLcorrection,J48_pruning,J48_binarySplits,JRip_minNo,J48_useLaplace,J48_numFolds,J48_subtreeRaising,J48_collapseTree,J48_confidenceFactorValue,J48_minNumObj"
