gen,nevals,min,median,max,currentGenBestValFitness,currentGenBestTestFitness,lap time (seconds),discarded individuals (including burn-in),GM connections,GM mean heuristic,sampling order
0,100,0.97563139,0.99490071,0.99872759,0.99318268,0.99659357,0033,0034,0035,0.00000000,"DecisionTable,DecisionTable_crossVal,J48,J48_useLaplace,DecisionTable_useIBk,JRip,J48_collapseTree,PART,PART_pruning,PART_confidenceFactorValue,PART_numFolds,PART_doNotMakeSplitPointActualValue,PART_binarySplits,JRip_minNo,DecisionTable_search,SimpleCart,Aggregator,SimpleCart_minNumObj,GreedyStepwise_searchBackwards,PART_minNumObj,DecisionTable_evaluationMeasure,J48_doNotMakeSplitPointActualValue,J48_pruning,J48_minNumObj,JRip_checkErrorRate,J48_useMDLcorrection,J48_confidenceFactorValue,J48_binarySplits,JRip_usePruning,BestFirst_searchTermination,PART_useMDLcorrection,J48_numFolds,SimpleCart_usePrune,SimpleCart_heuristic,GreedyStepwise_conservativeForwardSelection,J48_subtreeRaising,BestFirst_direction,SimpleCart_useOneSE,JRip_optimizations,SimpleCart_numFoldsPruning,JRip_folds"
1,90,0.95923463,0.99541643,0.99872759,0.99318268,0.99659357,0016,0034,0035,0.00000000,"J48,JRip,Aggregator,J48_minNumObj,J48_useMDLcorrection,DecisionTable,J48_collapseTree,JRip_checkErrorRate,J48_pruning,JRip_usePruning,DecisionTable_crossVal,PART,J48_doNotMakeSplitPointActualValue,PART_doNotMakeSplitPointActualValue,JRip_folds,J48_numFolds,JRip_minNo,DecisionTable_evaluationMeasure,JRip_optimizations,SimpleCart,DecisionTable_useIBk,J48_binarySplits,PART_pruning,DecisionTable_search,J48_useLaplace,PART_confidenceFactorValue,PART_minNumObj,BestFirst_searchTermination,J48_subtreeRaising,J48_confidenceFactorValue,SimpleCart_usePrune,PART_binarySplits,SimpleCart_numFoldsPruning,GreedyStepwise_conservativeForwardSelection,GreedyStepwise_searchBackwards,PART_useMDLcorrection,SimpleCart_useOneSE,SimpleCart_minNumObj,SimpleCart_heuristic,BestFirst_direction,PART_numFolds"
2,90,0.97801234,0.99539715,0.99872759,0.99318268,0.99659357,0015,0034,0035,0.00000000,"DecisionTable,Aggregator,J48,PART,PART_binarySplits,SimpleCart,J48_pruning,PART_pruning,DecisionTable_search,DecisionTable_evaluationMeasure,PART_numFolds,PART_minNumObj,PART_doNotMakeSplitPointActualValue,DecisionTable_useIBk,J48_useLaplace,DecisionTable_crossVal,JRip,J48_doNotMakeSplitPointActualValue,JRip_checkErrorRate,PART_confidenceFactorValue,JRip_usePruning,JRip_minNo,J48_numFolds,J48_subtreeRaising,PART_useMDLcorrection,SimpleCart_minNumObj,SimpleCart_usePrune,J48_confidenceFactorValue,J48_useMDLcorrection,GreedyStepwise_conservativeForwardSelection,J48_collapseTree,J48_minNumObj,J48_binarySplits,SimpleCart_heuristic,GreedyStepwise_searchBackwards,BestFirst_direction,BestFirst_searchTermination,JRip_optimizations,JRip_folds,SimpleCart_useOneSE,SimpleCart_numFoldsPruning"
3,90,0.96895122,0.99537787,0.99872759,0.99318268,0.99659357,0013,0034,0035,0.00000000,"J48,J48_useMDLcorrection,J48_pruning,J48_useLaplace,Aggregator,J48_binarySplits,J48_minNumObj,J48_doNotMakeSplitPointActualValue,DecisionTable,J48_collapseTree,J48_subtreeRaising,DecisionTable_crossVal,DecisionTable_evaluationMeasure,J48_confidenceFactorValue,J48_numFolds,SimpleCart,DecisionTable_useIBk,PART,JRip,JRip_checkErrorRate,SimpleCart_heuristic,SimpleCart_usePrune,JRip_usePruning,SimpleCart_numFoldsPruning,SimpleCart_minNumObj,SimpleCart_useOneSE,PART_doNotMakeSplitPointActualValue,JRip_folds,DecisionTable_search,PART_minNumObj,GreedyStepwise_searchBackwards,BestFirst_searchTermination,PART_pruning,PART_useMDLcorrection,JRip_minNo,PART_binarySplits,BestFirst_direction,GreedyStepwise_conservativeForwardSelection,JRip_optimizations,PART_numFolds,PART_confidenceFactorValue"
4,90,0.97689416,0.99561404,0.99872759,0.99318268,0.99659357,0015,0034,0074,0.53605951,"JRip,PART,JRip_usePruning,JRip_optimizations,JRip_checkErrorRate,J48,J48_binarySplits,J48_useLaplace,J48_pruning,J48_numFolds,PART_useMDLcorrection,J48_doNotMakeSplitPointActualValue,PART_doNotMakeSplitPointActualValue,SimpleCart,SimpleCart_usePrune,SimpleCart_minNumObj,SimpleCart_numFoldsPruning,PART_pruning,DecisionTable,SimpleCart_useOneSE,DecisionTable_crossVal,J48_subtreeRaising,PART_confidenceFactorValue,DecisionTable_evaluationMeasure,DecisionTable_search,DecisionTable_useIBk,PART_numFolds,GreedyStepwise_searchBackwards,BestFirst_searchTermination,J48_useMDLcorrection,J48_confidenceFactorValue,Aggregator,PART_binarySplits,BestFirst_direction,GreedyStepwise_conservativeForwardSelection,JRip_folds,J48_collapseTree,PART_minNumObj,SimpleCart_heuristic,JRip_minNo,J48_minNumObj"
5,90,0.97669173,0.99597070,0.99872759,0.99318268,0.99659357,0015,0063,0074,0.53605951,"PART,JRip,PART_pruning,PART_confidenceFactorValue,JRip_usePruning,JRip_folds,PART_numFolds,PART_doNotMakeSplitPointActualValue,JRip_checkErrorRate,PART_binarySplits,PART_minNumObj,JRip_optimizations,J48,J48_useLaplace,J48_collapseTree,J48_binarySplits,SimpleCart_heuristic,GreedyStepwise_conservativeForwardSelection,SimpleCart_minNumObj,GreedyStepwise_searchBackwards,J48_subtreeRaising,J48_numFolds,SimpleCart,PART_useMDLcorrection,SimpleCart_usePrune,J48_doNotMakeSplitPointActualValue,DecisionTable_crossVal,J48_pruning,DecisionTable_search,DecisionTable_evaluationMeasure,DecisionTable_useIBk,J48_confidenceFactorValue,SimpleCart_numFoldsPruning,BestFirst_searchTermination,SimpleCart_useOneSE,J48_useMDLcorrection,DecisionTable,Aggregator,J48_minNumObj,JRip_minNo,BestFirst_direction"
6,90,0.97687488,0.99554656,0.99872759,0.99318268,0.99659357,0016,0042,0074,0.53605951,"PART,JRip,PART_pruning,PART_useMDLcorrection,PART_numFolds,PART_binarySplits,PART_confidenceFactorValue,JRip_usePruning,JRip_folds,JRip_checkErrorRate,PART_doNotMakeSplitPointActualValue,PART_minNumObj,JRip_minNo,JRip_optimizations,J48,J48_minNumObj,J48_binarySplits,J48_collapseTree,J48_useLaplace,GreedyStepwise_conservativeForwardSelection,BestFirst_direction,J48_subtreeRaising,SimpleCart_heuristic,DecisionTable_crossVal,J48_pruning,J48_numFolds,J48_doNotMakeSplitPointActualValue,SimpleCart,SimpleCart_usePrune,SimpleCart_minNumObj,GreedyStepwise_searchBackwards,DecisionTable_useIBk,DecisionTable_search,SimpleCart_useOneSE,J48_useMDLcorrection,SimpleCart_numFoldsPruning,DecisionTable,DecisionTable_evaluationMeasure,J48_confidenceFactorValue,BestFirst_searchTermination,Aggregator"
7,90,0.98697706,0.99592250,0.99872759,0.99318268,0.99659357,0015,0115,0055,0.51485008,"DecisionTable,PART,JRip,SimpleCart,Aggregator,SimpleCart_heuristic,SimpleCart_usePrune,PART_useMDLcorrection,SimpleCart_numFoldsPruning,JRip_usePruning,SimpleCart_useOneSE,JRip_folds,PART_numFolds,J48_collapseTree,J48_useLaplace,J48_numFolds,J48_confidenceFactorValue,GreedyStepwise_conservativeForwardSelection,J48_subtreeRaising,J48_useMDLcorrection,J48_doNotMakeSplitPointActualValue,JRip_checkErrorRate,PART_binarySplits,DecisionTable_evaluationMeasure,DecisionTable_crossVal,SimpleCart_minNumObj,DecisionTable_search,PART_pruning,JRip_optimizations,DecisionTable_useIBk,PART_minNumObj,PART_doNotMakeSplitPointActualValue,JRip_minNo,J48,J48_pruning,BestFirst_searchTermination,J48_binarySplits,BestFirst_direction,PART_confidenceFactorValue,GreedyStepwise_searchBackwards,J48_minNumObj"
8,90,0.98370927,0.99569597,0.99872759,0.99318268,0.99659357,0016,0034,0055,0.51485008,"Aggregator,SimpleCart,SimpleCart_heuristic,DecisionTable,SimpleCart_usePrune,PART,JRip,SimpleCart_numFoldsPruning,JRip_usePruning,PART_useMDLcorrection,SimpleCart_useOneSE,JRip_folds,DecisionTable_useIBk,PART_doNotMakeSplitPointActualValue,JRip_checkErrorRate,DecisionTable_search,GreedyStepwise_conservativeForwardSelection,BestFirst_direction,SimpleCart_minNumObj,PART_minNumObj,PART_binarySplits,PART_pruning,PART_numFolds,JRip_minNo,J48,J48_useMDLcorrection,J48_pruning,J48_useLaplace,J48_binarySplits,J48_confidenceFactorValue,BestFirst_searchTermination,PART_confidenceFactorValue,J48_numFolds,J48_subtreeRaising,J48_doNotMakeSplitPointActualValue,J48_collapseTree,J48_minNumObj,GreedyStepwise_searchBackwards,JRip_optimizations,DecisionTable_crossVal,DecisionTable_evaluationMeasure"
9,90,0.99079429,0.99574899,0.99872759,0.99318268,0.99659357,0016,0095,0055,0.51485008,"DecisionTable,PART,SimpleCart,JRip,Aggregator,PART_useMDLcorrection,SimpleCart_usePrune,SimpleCart_numFoldsPruning,JRip_usePruning,SimpleCart_heuristic,SimpleCart_useOneSE,JRip_folds,GreedyStepwise_conservativeForwardSelection,J48_numFolds,J48_useMDLcorrection,J48_useLaplace,J48_collapseTree,J48_subtreeRaising,J48_confidenceFactorValue,PART_numFolds,J48_doNotMakeSplitPointActualValue,DecisionTable_evaluationMeasure,SimpleCart_minNumObj,DecisionTable_useIBk,PART_minNumObj,PART_doNotMakeSplitPointActualValue,JRip_minNo,PART_pruning,J48,PART_binarySplits,J48_pruning,PART_confidenceFactorValue,DecisionTable_search,BestFirst_direction,BestFirst_searchTermination,DecisionTable_crossVal,JRip_optimizations,J48_minNumObj,GreedyStepwise_searchBackwards,JRip_checkErrorRate,J48_binarySplits"
10,90,0.95507037,0.99561885,0.99872759,0.99318268,0.99659357,0019,0034,0049,0.60623997,"Aggregator,DecisionTable,JRip,JRip_usePruning,DecisionTable_useIBk,SimpleCart,DecisionTable_search,JRip_folds,DecisionTable_evaluationMeasure,PART,SimpleCart_heuristic,PART_useMDLcorrection,SimpleCart_usePrune,BestFirst_direction,SimpleCart_useOneSE,BestFirst_searchTermination,GreedyStepwise_conservativeForwardSelection,SimpleCart_numFoldsPruning,PART_minNumObj,PART_binarySplits,JRip_checkErrorRate,J48_binarySplits,J48_pruning,PART_pruning,J48_confidenceFactorValue,PART_doNotMakeSplitPointActualValue,PART_numFolds,J48_numFolds,PART_confidenceFactorValue,J48_subtreeRaising,J48_minNumObj,GreedyStepwise_searchBackwards,JRip_optimizations,J48,J48_doNotMakeSplitPointActualValue,J48_useMDLcorrection,J48_useLaplace,J48_collapseTree,JRip_minNo,DecisionTable_crossVal,SimpleCart_minNumObj"
11,90,0.98308271,0.99530075,0.99872759,0.99318268,0.99659357,0018,0034,0049,0.60623997,"DecisionTable,DecisionTable_search,Aggregator,BestFirst_direction,PART,GreedyStepwise_conservativeForwardSelection,SimpleCart,JRip,BestFirst_searchTermination,SimpleCart_heuristic,DecisionTable_evaluationMeasure,PART_useMDLcorrection,DecisionTable_useIBk,JRip_usePruning,SimpleCart_usePrune,SimpleCart_numFoldsPruning,SimpleCart_useOneSE,JRip_folds,JRip_minNo,PART_doNotMakeSplitPointActualValue,DecisionTable_crossVal,GreedyStepwise_searchBackwards,PART_minNumObj,SimpleCart_minNumObj,PART_binarySplits,PART_pruning,PART_confidenceFactorValue,PART_numFolds,JRip_optimizations,J48,J48_doNotMakeSplitPointActualValue,J48_useMDLcorrection,J48_useLaplace,J48_collapseTree,J48_binarySplits,J48_minNumObj,J48_pruning,JRip_checkErrorRate,J48_confidenceFactorValue,J48_subtreeRaising,J48_numFolds"
12,90,0.98229227,0.99542125,0.99872759,0.99318268,0.99659357,0020,0034,0049,0.60623997,"DecisionTable,Aggregator,JRip,DecisionTable_search,SimpleCart,DecisionTable_useIBk,SimpleCart_usePrune,PART,JRip_usePruning,SimpleCart_numFoldsPruning,DecisionTable_evaluationMeasure,SimpleCart_heuristic,SimpleCart_useOneSE,BestFirst_searchTermination,GreedyStepwise_conservativeForwardSelection,BestFirst_direction,PART_useMDLcorrection,JRip_folds,PART_binarySplits,PART_minNumObj,JRip_minNo,DecisionTable_crossVal,GreedyStepwise_searchBackwards,SimpleCart_minNumObj,PART_doNotMakeSplitPointActualValue,JRip_optimizations,J48,J48_collapseTree,J48_useMDLcorrection,J48_useLaplace,J48_doNotMakeSplitPointActualValue,J48_pruning,PART_pruning,J48_subtreeRaising,J48_numFolds,JRip_checkErrorRate,J48_minNumObj,J48_confidenceFactorValue,PART_numFolds,PART_confidenceFactorValue,J48_binarySplits"
13,90,0.98293811,0.99540679,0.99872759,0.99318268,0.99659357,0019,0387,0049,0.57329600,"Aggregator,DecisionTable,PART,PART_useMDLcorrection,SimpleCart,DecisionTable_useIBk,SimpleCart_heuristic,SimpleCart_usePrune,JRip,SimpleCart_numFoldsPruning,DecisionTable_evaluationMeasure,DecisionTable_search,GreedyStepwise_conservativeForwardSelection,BestFirst_direction,JRip_usePruning,JRip_folds,SimpleCart_useOneSE,BestFirst_searchTermination,J48_doNotMakeSplitPointActualValue,J48_useMDLcorrection,J48_numFolds,PART_confidenceFactorValue,J48_subtreeRaising,J48_confidenceFactorValue,J48_collapseTree,J48_useLaplace,PART_numFolds,JRip_minNo,JRip_checkErrorRate,SimpleCart_minNumObj,DecisionTable_crossVal,PART_minNumObj,PART_doNotMakeSplitPointActualValue,PART_binarySplits,PART_pruning,GreedyStepwise_searchBackwards,JRip_optimizations,J48,J48_pruning,J48_minNumObj,J48_binarySplits"
14,90,0.98435512,0.99540197,0.99872759,0.99318268,0.99659357,0018,0034,0049,0.57329600,"SimpleCart,JRip,SimpleCart_usePrune,DecisionTable,SimpleCart_heuristic,SimpleCart_useOneSE,DecisionTable_evaluationMeasure,DecisionTable_useIBk,PART,JRip_usePruning,Aggregator,DecisionTable_search,SimpleCart_numFoldsPruning,JRip_folds,PART_useMDLcorrection,BestFirst_searchTermination,BestFirst_direction,GreedyStepwise_conservativeForwardSelection,PART_binarySplits,JRip_checkErrorRate,J48_minNumObj,PART_doNotMakeSplitPointActualValue,GreedyStepwise_searchBackwards,PART_pruning,PART_confidenceFactorValue,PART_numFolds,JRip_optimizations,J48,J48_collapseTree,J48_useMDLcorrection,J48_useLaplace,J48_doNotMakeSplitPointActualValue,J48_binarySplits,J48_pruning,J48_subtreeRaising,J48_numFolds,J48_confidenceFactorValue,JRip_minNo,PART_minNumObj,DecisionTable_crossVal,SimpleCart_minNumObj"
15,90,0.97871602,0.99538751,0.99872759,0.99318268,0.99659357,0019,0034,0049,0.57329600,"Aggregator,DecisionTable,DecisionTable_evaluationMeasure,PART,DecisionTable_search,JRip,GreedyStepwise_conservativeForwardSelection,DecisionTable_useIBk,SimpleCart,BestFirst_direction,SimpleCart_heuristic,PART_useMDLcorrection,JRip_usePruning,SimpleCart_usePrune,BestFirst_searchTermination,JRip_folds,SimpleCart_numFoldsPruning,SimpleCart_useOneSE,PART_doNotMakeSplitPointActualValue,JRip_checkErrorRate,SimpleCart_minNumObj,DecisionTable_crossVal,JRip_minNo,PART_minNumObj,J48_minNumObj,PART_pruning,PART_confidenceFactorValue,GreedyStepwise_searchBackwards,PART_numFolds,J48_binarySplits,J48_pruning,J48_numFolds,J48_subtreeRaising,J48_confidenceFactorValue,J48_useMDLcorrection,J48_useLaplace,J48_collapseTree,J48_doNotMakeSplitPointActualValue,PART_binarySplits,JRip_optimizations,J48"
16,90,0.96107577,0.99541643,0.99872759,0.99318268,0.99659357,0022,0270,0050,0.53630133,"PART,Aggregator,DecisionTable,DecisionTable_search,SimpleCart,BestFirst_searchTermination,JRip,JRip_usePruning,JRip_folds,BestFirst_direction,SimpleCart_usePrune,SimpleCart_useOneSE,SimpleCart_heuristic,SimpleCart_numFoldsPruning,J48_pruning,J48_confidenceFactorValue,J48_numFolds,J48_subtreeRaising,PART_numFolds,J48_doNotMakeSplitPointActualValue,J48_useLaplace,J48_binarySplits,J48_useMDLcorrection,J48_collapseTree,PART_confidenceFactorValue,J48_minNumObj,PART_binarySplits,DecisionTable_crossVal,SimpleCart_minNumObj,DecisionTable_evaluationMeasure,GreedyStepwise_conservativeForwardSelection,DecisionTable_useIBk,PART_doNotMakeSplitPointActualValue,GreedyStepwise_searchBackwards,JRip_minNo,PART_minNumObj,JRip_optimizations,JRip_checkErrorRate,PART_useMDLcorrection,PART_pruning,J48"
17,90,0.95338346,0.99533449,0.99872759,0.99318268,0.99659357,0018,0308,0050,0.53630133,"PART,DecisionTable,JRip,SimpleCart,SimpleCart_usePrune,Aggregator,DecisionTable_search,BestFirst_searchTermination,BestFirst_direction,SimpleCart_numFoldsPruning,JRip_usePruning,SimpleCart_heuristic,SimpleCart_useOneSE,JRip_folds,J48_collapseTree,J48_pruning,J48_numFolds,J48_subtreeRaising,J48_confidenceFactorValue,J48_minNumObj,J48_doNotMakeSplitPointActualValue,J48_useLaplace,J48_useMDLcorrection,PART_confidenceFactorValue,PART_numFolds,J48_binarySplits,DecisionTable_crossVal,GreedyStepwise_searchBackwards,PART_minNumObj,SimpleCart_minNumObj,PART_binarySplits,JRip_checkErrorRate,PART_useMDLcorrection,DecisionTable_useIBk,GreedyStepwise_conservativeForwardSelection,JRip_minNo,PART_doNotMakeSplitPointActualValue,PART_pruning,JRip_optimizations,J48,DecisionTable_evaluationMeasure"
18,90,0.98853865,0.99578755,0.99872759,0.99318268,0.99659357,0019,0034,0050,0.53630133,"PART,JRip,SimpleCart,SimpleCart_usePrune,Aggregator,DecisionTable,SimpleCart_numFoldsPruning,SimpleCart_heuristic,JRip_usePruning,JRip_folds,SimpleCart_useOneSE,DecisionTable_search,BestFirst_searchTermination,BestFirst_direction,DecisionTable_evaluationMeasure,JRip_minNo,GreedyStepwise_searchBackwards,JRip_checkErrorRate,PART_binarySplits,PART_pruning,PART_doNotMakeSplitPointActualValue,DecisionTable_crossVal,PART_minNumObj,SimpleCart_minNumObj,JRip_optimizations,PART_numFolds,J48,J48_doNotMakeSplitPointActualValue,PART_confidenceFactorValue,J48_useMDLcorrection,J48_useLaplace,J48_binarySplits,J48_collapseTree,PART_useMDLcorrection,J48_minNumObj,J48_pruning,J48_confidenceFactorValue,J48_numFolds,J48_subtreeRaising,DecisionTable_useIBk,GreedyStepwise_conservativeForwardSelection"
19,90,0.97799306,0.99503085,0.99872759,0.99318268,0.99659357,0020,0276,0046,0.27112869,"PART,Aggregator,DecisionTable,PART_binarySplits,PART_useMDLcorrection,JRip,SimpleCart,JRip_usePruning,DecisionTable_search,JRip_folds,SimpleCart_usePrune,BestFirst_searchTermination,DecisionTable_evaluationMeasure,BestFirst_direction,SimpleCart_heuristic,SimpleCart_useOneSE,SimpleCart_minNumObj,SimpleCart_numFoldsPruning,J48_minNumObj,J48_useLaplace,J48_doNotMakeSplitPointActualValue,PART_numFolds,J48_numFolds,PART_confidenceFactorValue,J48_useMDLcorrection,J48_confidenceFactorValue,J48_pruning,J48_subtreeRaising,J48_collapseTree,J48_binarySplits,JRip_optimizations,DecisionTable_crossVal,JRip_checkErrorRate,PART_minNumObj,GreedyStepwise_conservativeForwardSelection,PART_pruning,GreedyStepwise_searchBackwards,PART_doNotMakeSplitPointActualValue,DecisionTable_useIBk,JRip_minNo,J48"
20,90,0.98048969,0.99536341,0.99872759,0.99318268,0.99659357,0017,0034,0046,0.27112869,"Aggregator,SimpleCart,PART,JRip,PART_binarySplits,SimpleCart_heuristic,DecisionTable,PART_useMDLcorrection,SimpleCart_minNumObj,JRip_usePruning,SimpleCart_usePrune,DecisionTable_evaluationMeasure,DecisionTable_search,SimpleCart_numFoldsPruning,SimpleCart_useOneSE,BestFirst_searchTermination,JRip_folds,BestFirst_direction,JRip_minNo,PART_pruning,PART_numFolds,PART_confidenceFactorValue,JRip_optimizations,PART_doNotMakeSplitPointActualValue,JRip_checkErrorRate,DecisionTable_useIBk,DecisionTable_crossVal,PART_minNumObj,GreedyStepwise_conservativeForwardSelection,GreedyStepwise_searchBackwards,J48,J48_useLaplace,J48_minNumObj,J48_doNotMakeSplitPointActualValue,J48_pruning,J48_binarySplits,J48_collapseTree,J48_useMDLcorrection,J48_numFolds,J48_subtreeRaising,J48_confidenceFactorValue"
21,90,0.97138037,0.99531039,0.99872759,0.99318268,0.99659357,0018,0271,0046,0.27112869,"Aggregator,PART,SimpleCart,PART_useMDLcorrection,SimpleCart_minNumObj,JRip,DecisionTable,SimpleCart_usePrune,SimpleCart_heuristic,PART_binarySplits,SimpleCart_numFoldsPruning,SimpleCart_useOneSE,DecisionTable_search,DecisionTable_evaluationMeasure,JRip_usePruning,JRip_folds,BestFirst_searchTermination,BestFirst_direction,PART_confidenceFactorValue,J48_useLaplace,J48_minNumObj,J48_binarySplits,PART_numFolds,J48_pruning,J48_confidenceFactorValue,J48_numFolds,J48_subtreeRaising,J48_useMDLcorrection,J48_collapseTree,J48_doNotMakeSplitPointActualValue,JRip_optimizations,JRip_checkErrorRate,DecisionTable_useIBk,PART_pruning,GreedyStepwise_conservativeForwardSelection,GreedyStepwise_searchBackwards,PART_doNotMakeSplitPointActualValue,J48,DecisionTable_crossVal,PART_minNumObj,JRip_minNo"
22,90,0.96939464,0.99516580,0.99872759,0.99318268,0.99659357,0018,0331,0046,0.27112869,"PART,SimpleCart,DecisionTable,PART_binarySplits,DecisionTable_search,Aggregator,SimpleCart_minNumObj,JRip,PART_useMDLcorrection,BestFirst_direction,DecisionTable_evaluationMeasure,SimpleCart_usePrune,JRip_usePruning,JRip_folds,SimpleCart_heuristic,BestFirst_searchTermination,SimpleCart_useOneSE,SimpleCart_numFoldsPruning,J48_useLaplace,J48_confidenceFactorValue,PART_numFolds,J48_doNotMakeSplitPointActualValue,J48_subtreeRaising,PART_confidenceFactorValue,J48_pruning,J48_numFolds,J48_binarySplits,J48_collapseTree,J48_minNumObj,J48_useMDLcorrection,PART_pruning,GreedyStepwise_conservativeForwardSelection,DecisionTable_useIBk,DecisionTable_crossVal,JRip_checkErrorRate,J48,PART_doNotMakeSplitPointActualValue,PART_minNumObj,GreedyStepwise_searchBackwards,JRip_optimizations,JRip_minNo"
23,90,0.96116252,0.99491035,0.99872759,0.99318268,0.99659357,0016,0232,0046,0.27112869,"Aggregator,SimpleCart,PART,JRip,SimpleCart_minNumObj,DecisionTable,PART_binarySplits,SimpleCart_heuristic,DecisionTable_evaluationMeasure,PART_useMDLcorrection,SimpleCart_usePrune,DecisionTable_search,JRip_usePruning,BestFirst_searchTermination,SimpleCart_numFoldsPruning,SimpleCart_useOneSE,BestFirst_direction,JRip_folds,J48_doNotMakeSplitPointActualValue,J48_pruning,J48_subtreeRaising,J48_numFolds,J48_confidenceFactorValue,PART_confidenceFactorValue,J48_collapseTree,J48_useMDLcorrection,PART_numFolds,J48_useLaplace,J48_binarySplits,J48_minNumObj,PART_minNumObj,DecisionTable_crossVal,JRip_checkErrorRate,JRip_optimizations,PART_doNotMakeSplitPointActualValue,GreedyStepwise_searchBackwards,J48,GreedyStepwise_conservativeForwardSelection,JRip_minNo,DecisionTable_useIBk,PART_pruning"
24,90,0.97256603,0.99563813,0.99872759,0.99318268,0.99659357,0018,0034,0046,0.27112869,"SimpleCart,DecisionTable,DecisionTable_search,SimpleCart_minNumObj,SimpleCart_usePrune,SimpleCart_useOneSE,BestFirst_searchTermination,PART,JRip,SimpleCart_heuristic,BestFirst_direction,DecisionTable_evaluationMeasure,Aggregator,PART_useMDLcorrection,JRip_usePruning,PART_binarySplits,SimpleCart_numFoldsPruning,JRip_folds,PART_doNotMakeSplitPointActualValue,PART_minNumObj,JRip_minNo,GreedyStepwise_conservativeForwardSelection,JRip_optimizations,DecisionTable_crossVal,JRip_checkErrorRate,DecisionTable_useIBk,J48,J48_useMDLcorrection,J48_minNumObj,GreedyStepwise_searchBackwards,J48_binarySplits,J48_doNotMakeSplitPointActualValue,J48_pruning,PART_pruning,J48_confidenceFactorValue,J48_useLaplace,J48_collapseTree,J48_subtreeRaising,PART_numFolds,PART_confidenceFactorValue,J48_numFolds"
25,90,0.95972624,0.99527183,0.99872759,0.99318268,0.99659357,0017,0273,0046,0.27112869,"DecisionTable,JRip,PART,DecisionTable_evaluationMeasure,DecisionTable_search,SimpleCart,Aggregator,PART_binarySplits,SimpleCart_usePrune,BestFirst_direction,PART_useMDLcorrection,JRip_usePruning,SimpleCart_heuristic,SimpleCart_numFoldsPruning,BestFirst_searchTermination,SimpleCart_minNumObj,SimpleCart_useOneSE,JRip_folds,J48_useLaplace,J48_numFolds,J48_doNotMakeSplitPointActualValue,PART_numFolds,J48_binarySplits,J48_pruning,J48_subtreeRaising,J48_confidenceFactorValue,J48_minNumObj,PART_confidenceFactorValue,J48_collapseTree,J48_useMDLcorrection,DecisionTable_crossVal,JRip_checkErrorRate,PART_minNumObj,J48,DecisionTable_useIBk,GreedyStepwise_conservativeForwardSelection,GreedyStepwise_searchBackwards,JRip_optimizations,PART_doNotMakeSplitPointActualValue,PART_pruning,JRip_minNo"
26,90,0.95747060,0.99529593,0.99872759,0.99318268,0.99659357,0017,0330,0046,0.27112869,"JRip,SimpleCart,Aggregator,DecisionTable,DecisionTable_evaluationMeasure,DecisionTable_search,PART,PART_binarySplits,SimpleCart_heuristic,JRip_usePruning,SimpleCart_usePrune,SimpleCart_minNumObj,JRip_folds,BestFirst_direction,BestFirst_searchTermination,PART_useMDLcorrection,SimpleCart_useOneSE,SimpleCart_numFoldsPruning,J48_binarySplits,J48_confidenceFactorValue,PART_confidenceFactorValue,J48_useMDLcorrection,J48_useLaplace,J48_subtreeRaising,J48_collapseTree,J48_minNumObj,J48_doNotMakeSplitPointActualValue,PART_numFolds,J48_numFolds,J48_pruning,PART_pruning,JRip_optimizations,GreedyStepwise_conservativeForwardSelection,JRip_checkErrorRate,PART_minNumObj,GreedyStepwise_searchBackwards,PART_doNotMakeSplitPointActualValue,DecisionTable_useIBk,J48,JRip_minNo,DecisionTable_crossVal"
27,90,0.98107769,0.99510314,0.99872759,0.99318268,0.99659357,0019,0314,0046,0.27112869,"DecisionTable,JRip,PART,JRip_usePruning,DecisionTable_search,SimpleCart,PART_binarySplits,SimpleCart_heuristic,DecisionTable_evaluationMeasure,Aggregator,PART_useMDLcorrection,JRip_folds,BestFirst_searchTermination,SimpleCart_minNumObj,SimpleCart_usePrune,BestFirst_direction,SimpleCart_numFoldsPruning,SimpleCart_useOneSE,J48_numFolds,J48_minNumObj,PART_confidenceFactorValue,J48_useMDLcorrection,J48_collapseTree,J48_confidenceFactorValue,J48_doNotMakeSplitPointActualValue,J48_binarySplits,J48_subtreeRaising,J48_useLaplace,J48_pruning,PART_numFolds,PART_minNumObj,DecisionTable_crossVal,JRip_checkErrorRate,GreedyStepwise_searchBackwards,J48,GreedyStepwise_conservativeForwardSelection,JRip_minNo,PART_pruning,DecisionTable_useIBk,JRip_optimizations,PART_doNotMakeSplitPointActualValue"
28,90,0.96196260,0.99522364,0.99872759,0.99318268,0.99659357,0019,0218,0046,0.27112869,"SimpleCart,JRip,DecisionTable,DecisionTable_search,BestFirst_searchTermination,SimpleCart_usePrune,SimpleCart_numFoldsPruning,DecisionTable_evaluationMeasure,SimpleCart_heuristic,BestFirst_direction,PART,JRip_usePruning,SimpleCart_minNumObj,SimpleCart_useOneSE,PART_binarySplits,Aggregator,JRip_folds,PART_useMDLcorrection,J48_minNumObj,J48_binarySplits,J48_pruning,J48_confidenceFactorValue,J48_numFolds,J48_subtreeRaising,PART_numFolds,J48_collapseTree,J48_doNotMakeSplitPointActualValue,J48_useLaplace,J48_useMDLcorrection,PART_confidenceFactorValue,JRip_optimizations,PART_doNotMakeSplitPointActualValue,DecisionTable_useIBk,GreedyStepwise_conservativeForwardSelection,DecisionTable_crossVal,JRip_checkErrorRate,JRip_minNo,J48,PART_pruning,GreedyStepwise_searchBackwards,PART_minNumObj"
29,90,0.97325043,0.99525255,0.99872759,0.99318268,0.99659357,0020,0363,0046,0.27112869,"JRip,SimpleCart,SimpleCart_heuristic,DecisionTable,Aggregator,PART,PART_useMDLcorrection,PART_binarySplits,DecisionTable_evaluationMeasure,DecisionTable_search,BestFirst_direction,BestFirst_searchTermination,JRip_usePruning,SimpleCart_usePrune,SimpleCart_minNumObj,JRip_folds,SimpleCart_numFoldsPruning,SimpleCart_useOneSE,J48_collapseTree,J48_numFolds,J48_confidenceFactorValue,J48_doNotMakeSplitPointActualValue,J48_subtreeRaising,PART_confidenceFactorValue,J48_useLaplace,J48_minNumObj,J48_pruning,J48_useMDLcorrection,J48_binarySplits,PART_numFolds,JRip_checkErrorRate,PART_doNotMakeSplitPointActualValue,J48,PART_pruning,PART_minNumObj,GreedyStepwise_searchBackwards,JRip_minNo,GreedyStepwise_conservativeForwardSelection,JRip_optimizations,DecisionTable_useIBk,DecisionTable_crossVal"
30,90,0.95243879,0.99532003,0.99872759,0.99318268,0.99659357,0021,0034,0046,0.27112869,"DecisionTable,SimpleCart,Aggregator,JRip,SimpleCart_heuristic,PART,DecisionTable_search,SimpleCart_minNumObj,DecisionTable_evaluationMeasure,PART_useMDLcorrection,SimpleCart_usePrune,SimpleCart_useOneSE,PART_binarySplits,JRip_usePruning,BestFirst_searchTermination,SimpleCart_numFoldsPruning,JRip_folds,BestFirst_direction,GreedyStepwise_searchBackwards,PART_pruning,PART_confidenceFactorValue,PART_numFolds,GreedyStepwise_conservativeForwardSelection,JRip_optimizations,DecisionTable_crossVal,JRip_checkErrorRate,PART_minNumObj,J48,J48_collapseTree,J48_useMDLcorrection,J48_pruning,J48_subtreeRaising,DecisionTable_useIBk,JRip_minNo,J48_numFolds,J48_confidenceFactorValue,J48_binarySplits,J48_useLaplace,J48_minNumObj,J48_doNotMakeSplitPointActualValue,PART_doNotMakeSplitPointActualValue"
31,90,0.98332369,0.99514170,0.99872759,0.99318268,0.99659357,0022,0275,0046,0.27112869,"Aggregator,JRip,SimpleCart,JRip_usePruning,PART,SimpleCart_usePrune,DecisionTable,SimpleCart_minNumObj,PART_useMDLcorrection,DecisionTable_evaluationMeasure,SimpleCart_useOneSE,SimpleCart_heuristic,PART_binarySplits,SimpleCart_numFoldsPruning,JRip_folds,DecisionTable_search,BestFirst_direction,BestFirst_searchTermination,J48_subtreeRaising,J48_numFolds,J48_pruning,J48_confidenceFactorValue,J48_collapseTree,J48_binarySplits,J48_useMDLcorrection,PART_numFolds,J48_useLaplace,J48_minNumObj,J48_doNotMakeSplitPointActualValue,PART_confidenceFactorValue,JRip_checkErrorRate,JRip_minNo,GreedyStepwise_conservativeForwardSelection,JRip_optimizations,DecisionTable_useIBk,DecisionTable_crossVal,PART_doNotMakeSplitPointActualValue,PART_pruning,GreedyStepwise_searchBackwards,PART_minNumObj,J48"
32,90,0.62892809,0.99509350,0.99872759,0.99318268,0.99659357,0022,0305,0046,0.27112869,"DecisionTable,Aggregator,DecisionTable_search,BestFirst_direction,JRip,SimpleCart,SimpleCart_usePrune,PART,BestFirst_searchTermination,DecisionTable_evaluationMeasure,PART_useMDLcorrection,SimpleCart_heuristic,JRip_usePruning,SimpleCart_useOneSE,JRip_folds,SimpleCart_minNumObj,PART_binarySplits,SimpleCart_numFoldsPruning,J48_collapseTree,J48_subtreeRaising,J48_binarySplits,J48_minNumObj,J48_pruning,J48_numFolds,J48_confidenceFactorValue,J48_useMDLcorrection,J48_doNotMakeSplitPointActualValue,PART_confidenceFactorValue,J48_useLaplace,PART_numFolds,PART_pruning,JRip_minNo,JRip_optimizations,PART_doNotMakeSplitPointActualValue,GreedyStepwise_searchBackwards,JRip_checkErrorRate,J48,PART_minNumObj,DecisionTable_useIBk,GreedyStepwise_conservativeForwardSelection,DecisionTable_crossVal"
33,90,0.96071911,0.99505976,0.99872759,0.99318268,0.99659357,0024,0261,0046,0.27112869,"JRip,JRip_usePruning,JRip_folds,Aggregator,DecisionTable,DecisionTable_evaluationMeasure,SimpleCart,DecisionTable_search,PART,SimpleCart_heuristic,SimpleCart_minNumObj,BestFirst_searchTermination,SimpleCart_usePrune,SimpleCart_numFoldsPruning,BestFirst_direction,PART_useMDLcorrection,SimpleCart_useOneSE,PART_binarySplits,J48_pruning,J48_confidenceFactorValue,J48_numFolds,J48_subtreeRaising,J48_binarySplits,J48_collapseTree,J48_useLaplace,PART_numFolds,J48_doNotMakeSplitPointActualValue,J48_minNumObj,PART_confidenceFactorValue,J48_useMDLcorrection,DecisionTable_crossVal,JRip_checkErrorRate,GreedyStepwise_conservativeForwardSelection,J48,JRip_minNo,PART_doNotMakeSplitPointActualValue,JRip_optimizations,PART_pruning,DecisionTable_useIBk,PART_minNumObj,GreedyStepwise_searchBackwards"
34,90,0.95673800,0.99487661,0.99872759,0.99318268,0.99659357,0023,0329,0046,0.27112869,"SimpleCart,DecisionTable,PART,SimpleCart_minNumObj,DecisionTable_evaluationMeasure,Aggregator,JRip,DecisionTable_search,SimpleCart_heuristic,SimpleCart_usePrune,JRip_usePruning,PART_binarySplits,SimpleCart_useOneSE,PART_useMDLcorrection,BestFirst_direction,BestFirst_searchTermination,JRip_folds,SimpleCart_numFoldsPruning,J48_pruning,J48_numFolds,J48_confidenceFactorValue,J48_subtreeRaising,J48_binarySplits,PART_numFolds,J48_doNotMakeSplitPointActualValue,J48_useLaplace,PART_confidenceFactorValue,J48_useMDLcorrection,J48_minNumObj,J48_collapseTree,DecisionTable_useIBk,DecisionTable_crossVal,JRip_checkErrorRate,GreedyStepwise_searchBackwards,JRip_minNo,J48,JRip_optimizations,PART_pruning,PART_doNotMakeSplitPointActualValue,PART_minNumObj,GreedyStepwise_conservativeForwardSelection"
35,90,0.98858685,0.99547908,0.99872759,0.99318268,0.99659357,0023,0034,0046,0.27112869,"DecisionTable,DecisionTable_evaluationMeasure,PART,DecisionTable_search,BestFirst_direction,SimpleCart,SimpleCart_usePrune,JRip,PART_binarySplits,BestFirst_searchTermination,JRip_usePruning,SimpleCart_numFoldsPruning,Aggregator,PART_useMDLcorrection,SimpleCart_minNumObj,SimpleCart_useOneSE,SimpleCart_heuristic,JRip_folds,DecisionTable_useIBk,GreedyStepwise_searchBackwards,PART_doNotMakeSplitPointActualValue,PART_pruning,PART_numFolds,PART_confidenceFactorValue,PART_minNumObj,DecisionTable_crossVal,JRip_checkErrorRate,JRip_minNo,JRip_optimizations,GreedyStepwise_conservativeForwardSelection,J48,J48_pruning,J48_minNumObj,J48_doNotMakeSplitPointActualValue,J48_useMDLcorrection,J48_collapseTree,J48_numFolds,J48_subtreeRaising,J48_confidenceFactorValue,J48_useLaplace,J48_binarySplits"
36,90,0.99095816,0.99543088,0.99872759,0.99318268,0.99659357,0021,0034,0046,0.27112869,"Aggregator,PART,SimpleCart,JRip,SimpleCart_usePrune,DecisionTable,SimpleCart_minNumObj,PART_binarySplits,SimpleCart_heuristic,PART_useMDLcorrection,SimpleCart_numFoldsPruning,DecisionTable_evaluationMeasure,SimpleCart_useOneSE,JRip_usePruning,DecisionTable_search,JRip_folds,BestFirst_searchTermination,BestFirst_direction,PART_minNumObj,GreedyStepwise_conservativeForwardSelection,DecisionTable_crossVal,JRip_checkErrorRate,GreedyStepwise_searchBackwards,PART_doNotMakeSplitPointActualValue,DecisionTable_useIBk,JRip_minNo,JRip_optimizations,PART_pruning,J48,J48_doNotMakeSplitPointActualValue,J48_useLaplace,J48_collapseTree,PART_confidenceFactorValue,J48_binarySplits,PART_numFolds,J48_useMDLcorrection,J48_pruning,J48_minNumObj,J48_numFolds,J48_confidenceFactorValue,J48_subtreeRaising"
37,90,0.96089262,0.99509832,0.99872759,0.99318268,0.99659357,0023,0367,0046,0.27112869,"SimpleCart,SimpleCart_heuristic,Aggregator,DecisionTable,SimpleCart_minNumObj,PART,SimpleCart_usePrune,SimpleCart_numFoldsPruning,DecisionTable_evaluationMeasure,JRip,JRip_usePruning,DecisionTable_search,BestFirst_direction,SimpleCart_useOneSE,PART_useMDLcorrection,JRip_folds,PART_binarySplits,BestFirst_searchTermination,J48_subtreeRaising,J48_collapseTree,J48_useLaplace,J48_numFolds,J48_binarySplits,J48_minNumObj,PART_numFolds,PART_confidenceFactorValue,J48_doNotMakeSplitPointActualValue,J48_confidenceFactorValue,J48_useMDLcorrection,J48_pruning,GreedyStepwise_conservativeForwardSelection,DecisionTable_crossVal,JRip_checkErrorRate,PART_minNumObj,PART_pruning,GreedyStepwise_searchBackwards,JRip_optimizations,J48,DecisionTable_useIBk,PART_doNotMakeSplitPointActualValue,JRip_minNo"
38,90,0.98312126,0.99533931,0.99872759,0.99318268,0.99659357,0023,0034,0046,0.27112869,"SimpleCart,SimpleCart_heuristic,Aggregator,JRip,SimpleCart_minNumObj,PART,DecisionTable,PART_useMDLcorrection,DecisionTable_search,SimpleCart_usePrune,DecisionTable_evaluationMeasure,PART_binarySplits,SimpleCart_useOneSE,JRip_usePruning,JRip_folds,BestFirst_direction,BestFirst_searchTermination,SimpleCart_numFoldsPruning,PART_pruning,PART_confidenceFactorValue,PART_numFolds,JRip_minNo,GreedyStepwise_searchBackwards,PART_minNumObj,DecisionTable_crossVal,JRip_checkErrorRate,GreedyStepwise_conservativeForwardSelection,DecisionTable_useIBk,JRip_optimizations,PART_doNotMakeSplitPointActualValue,J48,J48_doNotMakeSplitPointActualValue,J48_binarySplits,J48_useLaplace,J48_minNumObj,J48_pruning,J48_collapseTree,J48_useMDLcorrection,J48_numFolds,J48_confidenceFactorValue,J48_subtreeRaising"
39,90,0.98270677,0.99513206,0.99872759,0.99318268,0.99659357,0021,0256,0046,0.27112869,"DecisionTable,SimpleCart,SimpleCart_usePrune,SimpleCart_useOneSE,PART,Aggregator,DecisionTable_evaluationMeasure,PART_binarySplits,SimpleCart_minNumObj,DecisionTable_search,SimpleCart_heuristic,BestFirst_direction,JRip,PART_useMDLcorrection,SimpleCart_numFoldsPruning,BestFirst_searchTermination,JRip_usePruning,JRip_folds,J48_pruning,J48_numFolds,J48_subtreeRaising,J48_confidenceFactorValue,J48_binarySplits,J48_useMDLcorrection,J48_doNotMakeSplitPointActualValue,PART_confidenceFactorValue,J48_collapseTree,PART_numFolds,J48_useLaplace,J48_minNumObj,PART_pruning,GreedyStepwise_conservativeForwardSelection,JRip_checkErrorRate,GreedyStepwise_searchBackwards,DecisionTable_useIBk,JRip_minNo,PART_doNotMakeSplitPointActualValue,DecisionTable_crossVal,JRip_optimizations,J48,PART_minNumObj"
40,90,0.97823405,0.99530557,0.99872759,0.99318268,0.99659357,0018,0034,0046,0.27112869,"JRip,JRip_usePruning,PART,JRip_folds,DecisionTable,SimpleCart,Aggregator,SimpleCart_minNumObj,DecisionTable_evaluationMeasure,SimpleCart_usePrune,DecisionTable_search,BestFirst_searchTermination,PART_binarySplits,PART_useMDLcorrection,SimpleCart_numFoldsPruning,SimpleCart_heuristic,SimpleCart_useOneSE,BestFirst_direction,DecisionTable_useIBk,DecisionTable_crossVal,JRip_checkErrorRate,J48,J48_minNumObj,JRip_minNo,GreedyStepwise_searchBackwards,J48_useLaplace,PART_pruning,J48_useMDLcorrection,PART_confidenceFactorValue,J48_collapseTree,J48_binarySplits,PART_doNotMakeSplitPointActualValue,PART_numFolds,PART_minNumObj,J48_doNotMakeSplitPointActualValue,GreedyStepwise_conservativeForwardSelection,JRip_optimizations,J48_pruning,J48_confidenceFactorValue,J48_subtreeRaising,J48_numFolds"
41,90,0.98120301,0.99505976,0.99872759,0.99318268,0.99659357,0021,0260,0046,0.27112869,"SimpleCart,PART,SimpleCart_heuristic,PART_useMDLcorrection,DecisionTable,JRip,DecisionTable_search,BestFirst_direction,BestFirst_searchTermination,SimpleCart_minNumObj,Aggregator,JRip_usePruning,DecisionTable_evaluationMeasure,PART_binarySplits,SimpleCart_usePrune,JRip_folds,SimpleCart_numFoldsPruning,SimpleCart_useOneSE,PART_numFolds,J48_collapseTree,J48_minNumObj,J48_subtreeRaising,PART_confidenceFactorValue,J48_binarySplits,J48_pruning,J48_numFolds,J48_confidenceFactorValue,J48_useLaplace,J48_useMDLcorrection,J48_doNotMakeSplitPointActualValue,PART_doNotMakeSplitPointActualValue,JRip_checkErrorRate,J48,DecisionTable_crossVal,JRip_minNo,GreedyStepwise_conservativeForwardSelection,PART_minNumObj,DecisionTable_useIBk,GreedyStepwise_searchBackwards,PART_pruning,JRip_optimizations"
42,90,0.98135724,0.99521400,0.99872759,0.99318268,0.99659357,0021,0299,0046,0.27112869,"PART,PART_useMDLcorrection,DecisionTable,JRip,SimpleCart,Aggregator,PART_binarySplits,DecisionTable_search,SimpleCart_minNumObj,DecisionTable_evaluationMeasure,BestFirst_searchTermination,SimpleCart_heuristic,SimpleCart_usePrune,JRip_usePruning,BestFirst_direction,JRip_folds,SimpleCart_useOneSE,SimpleCart_numFoldsPruning,J48_confidenceFactorValue,J48_subtreeRaising,J48_collapseTree,J48_useMDLcorrection,J48_binarySplits,J48_useLaplace,PART_numFolds,PART_confidenceFactorValue,J48_pruning,J48_numFolds,J48_minNumObj,J48_doNotMakeSplitPointActualValue,GreedyStepwise_searchBackwards,PART_pruning,DecisionTable_useIBk,DecisionTable_crossVal,JRip_checkErrorRate,JRip_optimizations,GreedyStepwise_conservativeForwardSelection,JRip_minNo,PART_doNotMakeSplitPointActualValue,J48,PART_minNumObj"
43,90,0.98503952,0.99521882,0.99872759,0.99318268,0.99659357,0023,0312,0046,0.27112869,"DecisionTable,JRip,Aggregator,SimpleCart,PART,DecisionTable_search,SimpleCart_minNumObj,BestFirst_direction,DecisionTable_evaluationMeasure,SimpleCart_usePrune,PART_binarySplits,JRip_usePruning,BestFirst_searchTermination,SimpleCart_useOneSE,SimpleCart_numFoldsPruning,SimpleCart_heuristic,JRip_folds,PART_useMDLcorrection,J48_confidenceFactorValue,J48_pruning,J48_numFolds,J48_subtreeRaising,J48_doNotMakeSplitPointActualValue,J48_binarySplits,J48_useLaplace,PART_confidenceFactorValue,J48_collapseTree,J48_useMDLcorrection,PART_numFolds,J48_minNumObj,JRip_optimizations,DecisionTable_crossVal,JRip_checkErrorRate,PART_minNumObj,PART_pruning,GreedyStepwise_conservativeForwardSelection,PART_doNotMakeSplitPointActualValue,J48,GreedyStepwise_searchBackwards,JRip_minNo,DecisionTable_useIBk"
44,90,0.96783304,0.99553692,0.99872759,0.99318268,0.99659357,0025,0034,0046,0.27112869,"PART,SimpleCart,DecisionTable,PART_useMDLcorrection,SimpleCart_minNumObj,PART_binarySplits,SimpleCart_usePrune,SimpleCart_heuristic,DecisionTable_evaluationMeasure,SimpleCart_useOneSE,JRip,Aggregator,SimpleCart_numFoldsPruning,JRip_usePruning,JRip_folds,DecisionTable_search,BestFirst_searchTermination,BestFirst_direction,DecisionTable_useIBk,PART_pruning,PART_numFolds,PART_confidenceFactorValue,PART_minNumObj,JRip_optimizations,JRip_checkErrorRate,JRip_minNo,GreedyStepwise_searchBackwards,DecisionTable_crossVal,J48,PART_doNotMakeSplitPointActualValue,GreedyStepwise_conservativeForwardSelection,J48_minNumObj,J48_binarySplits,J48_useMDLcorrection,J48_doNotMakeSplitPointActualValue,J48_collapseTree,J48_useLaplace,J48_pruning,J48_numFolds,J48_confidenceFactorValue,J48_subtreeRaising"
45,90,0.98948332,0.99548872,0.99872759,0.99318268,0.99659357,0023,0034,0046,0.27112869,"Aggregator,DecisionTable,JRip,SimpleCart,PART,SimpleCart_usePrune,PART_useMDLcorrection,SimpleCart_heuristic,DecisionTable_search,DecisionTable_evaluationMeasure,PART_binarySplits,BestFirst_direction,JRip_usePruning,JRip_folds,SimpleCart_numFoldsPruning,SimpleCart_minNumObj,SimpleCart_useOneSE,BestFirst_searchTermination,PART_doNotMakeSplitPointActualValue,PART_minNumObj,JRip_checkErrorRate,PART_pruning,DecisionTable_useIBk,GreedyStepwise_conservativeForwardSelection,JRip_optimizations,JRip_minNo,J48,DecisionTable_crossVal,J48_useLaplace,J48_doNotMakeSplitPointActualValue,PART_confidenceFactorValue,J48_collapseTree,GreedyStepwise_searchBackwards,J48_minNumObj,PART_numFolds,J48_pruning,J48_binarySplits,J48_useMDLcorrection,J48_numFolds,J48_confidenceFactorValue,J48_subtreeRaising"
46,90,0.98551186,0.99532485,0.99872759,0.99318268,0.99659357,0021,0034,0046,0.27112869,"DecisionTable,DecisionTable_evaluationMeasure,DecisionTable_search,Aggregator,SimpleCart,PART,JRip,SimpleCart_usePrune,PART_useMDLcorrection,SimpleCart_numFoldsPruning,SimpleCart_heuristic,PART_binarySplits,SimpleCart_useOneSE,BestFirst_direction,BestFirst_searchTermination,SimpleCart_minNumObj,JRip_usePruning,JRip_folds,GreedyStepwise_conservativeForwardSelection,JRip_minNo,DecisionTable_useIBk,PART_doNotMakeSplitPointActualValue,PART_pruning,PART_numFolds,PART_confidenceFactorValue,JRip_checkErrorRate,JRip_optimizations,GreedyStepwise_searchBackwards,PART_minNumObj,DecisionTable_crossVal,J48,J48_minNumObj,J48_useLaplace,J48_doNotMakeSplitPointActualValue,J48_collapseTree,J48_useMDLcorrection,J48_binarySplits,J48_pruning,J48_subtreeRaising,J48_numFolds,J48_confidenceFactorValue"
47,90,0.98026798,0.99522364,0.99872759,0.99318268,0.99659357,0018,0282,0046,0.27112869,"DecisionTable,SimpleCart,JRip,SimpleCart_minNumObj,PART,JRip_usePruning,DecisionTable_search,BestFirst_searchTermination,SimpleCart_usePrune,DecisionTable_evaluationMeasure,BestFirst_direction,SimpleCart_numFoldsPruning,Aggregator,PART_binarySplits,SimpleCart_heuristic,JRip_folds,PART_useMDLcorrection,SimpleCart_useOneSE,J48_binarySplits,J48_useLaplace,J48_subtreeRaising,PART_numFolds,J48_collapseTree,PART_confidenceFactorValue,J48_numFolds,J48_pruning,J48_confidenceFactorValue,J48_minNumObj,J48_useMDLcorrection,J48_doNotMakeSplitPointActualValue,PART_doNotMakeSplitPointActualValue,JRip_optimizations,PART_minNumObj,DecisionTable_crossVal,JRip_checkErrorRate,DecisionTable_useIBk,GreedyStepwise_conservativeForwardSelection,JRip_minNo,PART_pruning,GreedyStepwise_searchBackwards,J48"
48,90,0.97272026,0.99487179,0.99872759,0.99318268,0.99659357,0020,0247,0046,0.27112869,"PART,DecisionTable,DecisionTable_evaluationMeasure,Aggregator,JRip,DecisionTable_search,PART_useMDLcorrection,SimpleCart,PART_binarySplits,BestFirst_direction,SimpleCart_usePrune,SimpleCart_numFoldsPruning,BestFirst_searchTermination,JRip_usePruning,SimpleCart_useOneSE,SimpleCart_heuristic,SimpleCart_minNumObj,JRip_folds,J48_pruning,J48_subtreeRaising,J48_numFolds,J48_confidenceFactorValue,J48_useLaplace,J48_binarySplits,J48_useMDLcorrection,J48_minNumObj,J48_collapseTree,J48_doNotMakeSplitPointActualValue,PART_numFolds,PART_confidenceFactorValue,JRip_optimizations,DecisionTable_crossVal,JRip_checkErrorRate,JRip_minNo,DecisionTable_useIBk,J48,PART_minNumObj,GreedyStepwise_conservativeForwardSelection,PART_pruning,PART_doNotMakeSplitPointActualValue,GreedyStepwise_searchBackwards"
49,90,0.96148062,0.99499711,0.99872759,0.99318268,0.99659357,0021,0269,0046,0.27112869,"Aggregator,SimpleCart,DecisionTable,JRip,PART,SimpleCart_usePrune,JRip_usePruning,SimpleCart_useOneSE,SimpleCart_numFoldsPruning,SimpleCart_minNumObj,SimpleCart_heuristic,DecisionTable_evaluationMeasure,DecisionTable_search,BestFirst_searchTermination,PART_binarySplits,JRip_folds,BestFirst_direction,PART_useMDLcorrection,J48_doNotMakeSplitPointActualValue,J48_useLaplace,J48_pruning,J48_subtreeRaising,J48_numFolds,J48_confidenceFactorValue,PART_confidenceFactorValue,PART_numFolds,J48_minNumObj,J48_useMDLcorrection,J48_collapseTree,J48_binarySplits,PART_doNotMakeSplitPointActualValue,PART_minNumObj,JRip_optimizations,GreedyStepwise_searchBackwards,GreedyStepwise_conservativeForwardSelection,PART_pruning,DecisionTable_crossVal,JRip_checkErrorRate,DecisionTable_useIBk,J48,JRip_minNo"
50,90,0.97834972,0.99474648,0.99872759,0.99318268,0.99659357,0019,0310,0046,0.27112869,"SimpleCart,DecisionTable,PART,PART_useMDLcorrection,PART_binarySplits,SimpleCart_heuristic,JRip,Aggregator,SimpleCart_minNumObj,DecisionTable_evaluationMeasure,DecisionTable_search,BestFirst_searchTermination,SimpleCart_usePrune,JRip_usePruning,BestFirst_direction,SimpleCart_useOneSE,SimpleCart_numFoldsPruning,JRip_folds,PART_confidenceFactorValue,J48_minNumObj,J48_numFolds,J48_useLaplace,PART_numFolds,J48_subtreeRaising,J48_collapseTree,J48_binarySplits,J48_doNotMakeSplitPointActualValue,J48_pruning,J48_confidenceFactorValue,DecisionTable_crossVal,JRip_checkErrorRate,PART_doNotMakeSplitPointActualValue,JRip_optimizations,GreedyStepwise_conservativeForwardSelection,DecisionTable_useIBk,JRip_minNo,PART_pruning,GreedyStepwise_searchBackwards,J48,PART_minNumObj,J48_useMDLcorrection"
51,90,0.97043570,0.99520436,0.99872759,0.99318268,0.99659357,0017,0356,0046,0.27112869,"DecisionTable,DecisionTable_search,PART,SimpleCart,SimpleCart_usePrune,SimpleCart_minNumObj,Aggregator,SimpleCart_heuristic,JRip,BestFirst_direction,PART_useMDLcorrection,DecisionTable_evaluationMeasure,SimpleCart_numFoldsPruning,PART_binarySplits,BestFirst_searchTermination,SimpleCart_useOneSE,JRip_usePruning,JRip_folds,J48_minNumObj,PART_confidenceFactorValue,J48_subtreeRaising,J48_confidenceFactorValue,J48_doNotMakeSplitPointActualValue,J48_numFolds,J48_pruning,J48_binarySplits,PART_numFolds,J48_useMDLcorrection,J48_collapseTree,J48_useLaplace,PART_doNotMakeSplitPointActualValue,GreedyStepwise_searchBackwards,JRip_optimizations,PART_pruning,PART_minNumObj,JRip_minNo,JRip_checkErrorRate,DecisionTable_crossVal,GreedyStepwise_conservativeForwardSelection,DecisionTable_useIBk,J48"
52,90,0.97581454,0.99502121,0.99872759,0.99318268,0.99659357,0017,0304,0046,0.27112869,"DecisionTable,PART,JRip,DecisionTable_evaluationMeasure,SimpleCart,JRip_usePruning,JRip_folds,Aggregator,PART_useMDLcorrection,DecisionTable_search,SimpleCart_heuristic,PART_binarySplits,SimpleCart_usePrune,BestFirst_direction,BestFirst_searchTermination,SimpleCart_useOneSE,SimpleCart_minNumObj,SimpleCart_numFoldsPruning,J48_minNumObj,PART_confidenceFactorValue,J48_subtreeRaising,J48_useMDLcorrection,J48_pruning,J48_numFolds,J48_confidenceFactorValue,J48_binarySplits,J48_useLaplace,J48_doNotMakeSplitPointActualValue,PART_numFolds,J48_collapseTree,DecisionTable_crossVal,JRip_checkErrorRate,PART_doNotMakeSplitPointActualValue,JRip_optimizations,JRip_minNo,PART_pruning,PART_minNumObj,J48,GreedyStepwise_searchBackwards,DecisionTable_useIBk,GreedyStepwise_conservativeForwardSelection"
53,90,0.97321188,0.99510314,0.99872759,0.99318268,0.99659357,0017,0292,0046,0.27112869,"Aggregator,JRip,JRip_usePruning,SimpleCart,PART,SimpleCart_usePrune,DecisionTable,JRip_folds,DecisionTable_search,PART_binarySplits,SimpleCart_numFoldsPruning,BestFirst_direction,BestFirst_searchTermination,DecisionTable_evaluationMeasure,SimpleCart_minNumObj,SimpleCart_useOneSE,PART_useMDLcorrection,SimpleCart_heuristic,J48_useMDLcorrection,J48_pruning,J48_subtreeRaising,J48_confidenceFactorValue,J48_numFolds,J48_binarySplits,J48_useLaplace,J48_collapseTree,J48_minNumObj,PART_confidenceFactorValue,J48_doNotMakeSplitPointActualValue,PART_numFolds,PART_minNumObj,JRip_minNo,DecisionTable_useIBk,PART_doNotMakeSplitPointActualValue,GreedyStepwise_conservativeForwardSelection,JRip_optimizations,GreedyStepwise_searchBackwards,DecisionTable_crossVal,JRip_checkErrorRate,PART_pruning,J48"
54,90,0.96706189,0.99520436,0.99872759,0.99318268,0.99659357,0020,0034,0046,0.27112869,"SimpleCart,SimpleCart_usePrune,Aggregator,PART,JRip,SimpleCart_useOneSE,SimpleCart_minNumObj,PART_useMDLcorrection,JRip_usePruning,SimpleCart_heuristic,JRip_folds,SimpleCart_numFoldsPruning,DecisionTable,PART_binarySplits,DecisionTable_search,BestFirst_searchTermination,DecisionTable_evaluationMeasure,BestFirst_direction,PART_doNotMakeSplitPointActualValue,DecisionTable_crossVal,JRip_checkErrorRate,DecisionTable_useIBk,GreedyStepwise_conservativeForwardSelection,JRip_optimizations,PART_minNumObj,J48,GreedyStepwise_searchBackwards,J48_minNumObj,J48_useMDLcorrection,J48_pruning,J48_confidenceFactorValue,PART_pruning,J48_useLaplace,JRip_minNo,J48_numFolds,J48_doNotMakeSplitPointActualValue,J48_collapseTree,J48_binarySplits,PART_confidenceFactorValue,PART_numFolds,J48_subtreeRaising"
55,90,0.98395990,0.99522846,0.99872759,0.99318268,0.99659357,0019,0034,0046,0.27112869,"JRip,Aggregator,SimpleCart,SimpleCart_minNumObj,DecisionTable,PART,PART_binarySplits,JRip_usePruning,SimpleCart_usePrune,SimpleCart_heuristic,PART_useMDLcorrection,DecisionTable_search,DecisionTable_evaluationMeasure,SimpleCart_useOneSE,SimpleCart_numFoldsPruning,JRip_folds,BestFirst_searchTermination,BestFirst_direction,JRip_optimizations,DecisionTable_crossVal,JRip_checkErrorRate,DecisionTable_useIBk,JRip_minNo,PART_doNotMakeSplitPointActualValue,PART_minNumObj,GreedyStepwise_conservativeForwardSelection,PART_pruning,GreedyStepwise_searchBackwards,J48,J48_collapseTree,PART_confidenceFactorValue,J48_useMDLcorrection,J48_binarySplits,J48_minNumObj,J48_useLaplace,PART_numFolds,J48_doNotMakeSplitPointActualValue,J48_pruning,J48_numFolds,J48_subtreeRaising,J48_confidenceFactorValue"
56,90,0.98426836,0.99490553,0.99872759,0.99318268,0.99659357,0021,0248,0046,0.27112869,"PART,PART_useMDLcorrection,SimpleCart,JRip,Aggregator,DecisionTable,PART_binarySplits,SimpleCart_usePrune,DecisionTable_search,DecisionTable_evaluationMeasure,BestFirst_direction,SimpleCart_heuristic,SimpleCart_minNumObj,BestFirst_searchTermination,JRip_usePruning,SimpleCart_numFoldsPruning,JRip_folds,SimpleCart_useOneSE,J48_useLaplace,J48_binarySplits,J48_collapseTree,J48_confidenceFactorValue,J48_pruning,J48_subtreeRaising,J48_numFolds,J48_useMDLcorrection,J48_doNotMakeSplitPointActualValue,J48_minNumObj,PART_numFolds,PART_confidenceFactorValue,JRip_minNo,JRip_checkErrorRate,DecisionTable_crossVal,PART_minNumObj,PART_doNotMakeSplitPointActualValue,PART_pruning,GreedyStepwise_conservativeForwardSelection,GreedyStepwise_searchBackwards,DecisionTable_useIBk,JRip_optimizations,J48"
57,90,0.98293811,0.99533449,0.99872759,0.99318268,0.99659357,0020,0303,0046,0.27112869,"JRip,Aggregator,SimpleCart,PART,SimpleCart_usePrune,DecisionTable,JRip_usePruning,DecisionTable_search,SimpleCart_minNumObj,PART_useMDLcorrection,BestFirst_searchTermination,SimpleCart_useOneSE,BestFirst_direction,PART_binarySplits,SimpleCart_heuristic,SimpleCart_numFoldsPruning,DecisionTable_evaluationMeasure,JRip_folds,J48_subtreeRaising,J48_doNotMakeSplitPointActualValue,PART_confidenceFactorValue,J48_confidenceFactorValue,J48_useMDLcorrection,J48_minNumObj,J48_collapseTree,J48_numFolds,J48_binarySplits,J48_pruning,J48_useLaplace,PART_numFolds,PART_pruning,DecisionTable_useIBk,PART_doNotMakeSplitPointActualValue,GreedyStepwise_conservativeForwardSelection,JRip_optimizations,DecisionTable_crossVal,JRip_checkErrorRate,J48,GreedyStepwise_searchBackwards,PART_minNumObj,JRip_minNo"
58,90,0.98717949,0.99530557,0.99872759,0.99318268,0.99659357,0020,0034,0046,0.27112869,"SimpleCart,SimpleCart_heuristic,SimpleCart_usePrune,SimpleCart_numFoldsPruning,DecisionTable,Aggregator,PART,JRip,PART_useMDLcorrection,SimpleCart_minNumObj,SimpleCart_useOneSE,DecisionTable_search,DecisionTable_evaluationMeasure,BestFirst_direction,PART_binarySplits,JRip_usePruning,JRip_folds,BestFirst_searchTermination,DecisionTable_useIBk,JRip_optimizations,DecisionTable_crossVal,JRip_checkErrorRate,PART_minNumObj,PART_doNotMakeSplitPointActualValue,J48,J48_useMDLcorrection,GreedyStepwise_searchBackwards,J48_doNotMakeSplitPointActualValue,GreedyStepwise_conservativeForwardSelection,J48_pruning,JRip_minNo,PART_pruning,PART_numFolds,J48_confidenceFactorValue,J48_minNumObj,J48_collapseTree,J48_binarySplits,J48_useLaplace,J48_subtreeRaising,J48_numFolds,PART_confidenceFactorValue"
59,90,0.95970696,0.99501639,0.99872759,0.99318268,0.99659357,0021,0286,0046,0.27112869,"SimpleCart,Aggregator,JRip,SimpleCart_minNumObj,DecisionTable,SimpleCart_usePrune,SimpleCart_useOneSE,JRip_usePruning,PART,SimpleCart_heuristic,DecisionTable_search,PART_useMDLcorrection,PART_binarySplits,SimpleCart_numFoldsPruning,DecisionTable_evaluationMeasure,BestFirst_searchTermination,JRip_folds,BestFirst_direction,J48_collapseTree,J48_doNotMakeSplitPointActualValue,J48_subtreeRaising,PART_confidenceFactorValue,J48_pruning,J48_confidenceFactorValue,J48_numFolds,J48_useLaplace,J48_binarySplits,J48_minNumObj,PART_numFolds,J48_useMDLcorrection,JRip_optimizations,DecisionTable_crossVal,JRip_checkErrorRate,GreedyStepwise_conservativeForwardSelection,J48,JRip_minNo,GreedyStepwise_searchBackwards,PART_doNotMakeSplitPointActualValue,PART_minNumObj,DecisionTable_useIBk,PART_pruning"
60,90,0.96838249,0.99539233,0.99872759,0.99318268,0.99659357,0017,0034,0046,0.27112869,"JRip,SimpleCart,JRip_usePruning,DecisionTable,SimpleCart_minNumObj,DecisionTable_search,JRip_folds,Aggregator,SimpleCart_usePrune,PART,BestFirst_searchTermination,BestFirst_direction,PART_binarySplits,SimpleCart_heuristic,PART_useMDLcorrection,SimpleCart_numFoldsPruning,DecisionTable_evaluationMeasure,SimpleCart_useOneSE,PART_minNumObj,DecisionTable_useIBk,PART_doNotMakeSplitPointActualValue,PART_pruning,PART_confidenceFactorValue,PART_numFolds,GreedyStepwise_conservativeForwardSelection,GreedyStepwise_searchBackwards,JRip_checkErrorRate,JRip_optimizations,JRip_minNo,DecisionTable_crossVal,J48,J48_minNumObj,J48_binarySplits,J48_useLaplace,J48_collapseTree,J48_useMDLcorrection,J48_doNotMakeSplitPointActualValue,J48_pruning,J48_numFolds,J48_subtreeRaising,J48_confidenceFactorValue"
61,90,0.95336418,0.99507904,0.99872759,0.99318268,0.99659357,0019,0260,0046,0.27112869,"JRip,PART,JRip_usePruning,JRip_folds,SimpleCart,PART_binarySplits,Aggregator,DecisionTable,SimpleCart_usePrune,PART_useMDLcorrection,SimpleCart_useOneSE,DecisionTable_search,SimpleCart_heuristic,SimpleCart_minNumObj,DecisionTable_evaluationMeasure,SimpleCart_numFoldsPruning,BestFirst_searchTermination,BestFirst_direction,J48_pruning,J48_subtreeRaising,J48_numFolds,J48_confidenceFactorValue,J48_useLaplace,J48_useMDLcorrection,J48_collapseTree,J48_doNotMakeSplitPointActualValue,PART_confidenceFactorValue,J48_minNumObj,J48_binarySplits,PART_numFolds,DecisionTable_useIBk,JRip_optimizations,JRip_minNo,DecisionTable_crossVal,JRip_checkErrorRate,J48,PART_pruning,GreedyStepwise_conservativeForwardSelection,PART_minNumObj,GreedyStepwise_searchBackwards,PART_doNotMakeSplitPointActualValue"
62,90,0.97093696,0.99544052,0.99872759,0.99318268,0.99659357,0019,0034,0046,0.27112869,"DecisionTable,PART,PART_useMDLcorrection,PART_binarySplits,Aggregator,JRip,DecisionTable_search,JRip_usePruning,SimpleCart,SimpleCart_heuristic,DecisionTable_evaluationMeasure,SimpleCart_minNumObj,SimpleCart_usePrune,JRip_folds,BestFirst_direction,BestFirst_searchTermination,SimpleCart_useOneSE,SimpleCart_numFoldsPruning,DecisionTable_useIBk,PART_pruning,PART_confidenceFactorValue,PART_numFolds,PART_minNumObj,PART_doNotMakeSplitPointActualValue,JRip_optimizations,GreedyStepwise_conservativeForwardSelection,JRip_checkErrorRate,JRip_minNo,GreedyStepwise_searchBackwards,DecisionTable_crossVal,J48,J48_useLaplace,J48_minNumObj,J48_useMDLcorrection,J48_binarySplits,J48_doNotMakeSplitPointActualValue,J48_pruning,J48_collapseTree,J48_confidenceFactorValue,J48_numFolds,J48_subtreeRaising"
63,90,0.96378446,0.99531521,0.99872759,0.99318268,0.99659357,0018,0273,0046,0.27112869,"Aggregator,PART,JRip,DecisionTable,SimpleCart,SimpleCart_heuristic,DecisionTable_search,SimpleCart_minNumObj,PART_useMDLcorrection,DecisionTable_evaluationMeasure,PART_binarySplits,JRip_usePruning,BestFirst_searchTermination,SimpleCart_usePrune,BestFirst_direction,JRip_folds,SimpleCart_useOneSE,SimpleCart_numFoldsPruning,PART_numFolds,J48_pruning,J48_subtreeRaising,J48_numFolds,J48_confidenceFactorValue,J48_binarySplits,PART_confidenceFactorValue,J48_useMDLcorrection,J48_minNumObj,J48_doNotMakeSplitPointActualValue,J48_useLaplace,J48_collapseTree,PART_doNotMakeSplitPointActualValue,GreedyStepwise_conservativeForwardSelection,PART_pruning,JRip_minNo,GreedyStepwise_searchBackwards,DecisionTable_useIBk,JRip_optimizations,DecisionTable_crossVal,JRip_checkErrorRate,J48,PART_minNumObj"
64,90,0.98663968,0.99543088,0.99872759,0.99318268,0.99659357,0021,0034,0046,0.27112869,"JRip,PART,Aggregator,SimpleCart,PART_binarySplits,JRip_usePruning,SimpleCart_usePrune,DecisionTable,DecisionTable_evaluationMeasure,SimpleCart_minNumObj,SimpleCart_numFoldsPruning,PART_useMDLcorrection,SimpleCart_heuristic,DecisionTable_search,BestFirst_direction,JRip_folds,BestFirst_searchTermination,SimpleCart_useOneSE,PART_minNumObj,JRip_checkErrorRate,PART_pruning,PART_confidenceFactorValue,GreedyStepwise_conservativeForwardSelection,JRip_minNo,DecisionTable_useIBk,PART_numFolds,JRip_optimizations,J48,J48_useLaplace,PART_doNotMakeSplitPointActualValue,DecisionTable_crossVal,GreedyStepwise_searchBackwards,J48_collapseTree,J48_binarySplits,J48_minNumObj,J48_doNotMakeSplitPointActualValue,J48_useMDLcorrection,J48_pruning,J48_confidenceFactorValue,J48_subtreeRaising,J48_numFolds"
65,90,0.98135724,0.99542125,0.99872759,0.99318268,0.99659357,0020,0034,0046,0.27112869,"Aggregator,PART,JRip,SimpleCart,DecisionTable,PART_useMDLcorrection,DecisionTable_search,SimpleCart_heuristic,DecisionTable_evaluationMeasure,JRip_usePruning,PART_binarySplits,JRip_folds,SimpleCart_minNumObj,SimpleCart_usePrune,BestFirst_searchTermination,SimpleCart_numFoldsPruning,BestFirst_direction,SimpleCart_useOneSE,JRip_optimizations,DecisionTable_crossVal,JRip_checkErrorRate,J48,PART_doNotMakeSplitPointActualValue,PART_pruning,GreedyStepwise_searchBackwards,J48_useLaplace,J48_collapseTree,J48_minNumObj,J48_pruning,JRip_minNo,J48_binarySplits,PART_minNumObj,DecisionTable_useIBk,J48_doNotMakeSplitPointActualValue,GreedyStepwise_conservativeForwardSelection,J48_useMDLcorrection,PART_confidenceFactorValue,PART_numFolds,J48_numFolds,J48_confidenceFactorValue,J48_subtreeRaising"
66,90,0.96108541,0.99514652,0.99872759,0.99318268,0.99659357,0021,0319,0046,0.27112869,"JRip,DecisionTable,SimpleCart,SimpleCart_minNumObj,DecisionTable_search,JRip_usePruning,Aggregator,BestFirst_direction,BestFirst_searchTermination,SimpleCart_usePrune,PART,SimpleCart_numFoldsPruning,JRip_folds,SimpleCart_useOneSE,PART_useMDLcorrection,SimpleCart_heuristic,DecisionTable_evaluationMeasure,PART_binarySplits,J48_useMDLcorrection,J48_confidenceFactorValue,PART_numFolds,J48_minNumObj,PART_confidenceFactorValue,J48_pruning,J48_subtreeRaising,J48_numFolds,DecisionTable_useIBk,JRip_checkErrorRate,PART_minNumObj,DecisionTable_crossVal,JRip_minNo,PART_doNotMakeSplitPointActualValue,PART_pruning,J48,GreedyStepwise_conservativeForwardSelection,JRip_optimizations,GreedyStepwise_searchBackwards,J48_doNotMakeSplitPointActualValue,J48_binarySplits,J48_useLaplace,J48_collapseTree"
67,90,0.98110661,0.99514652,0.99872759,0.99318268,0.99659357,0019,0309,0046,0.27112869,"Aggregator,DecisionTable,DecisionTable_search,PART,JRip,BestFirst_searchTermination,BestFirst_direction,SimpleCart,PART_binarySplits,SimpleCart_minNumObj,SimpleCart_heuristic,DecisionTable_evaluationMeasure,PART_useMDLcorrection,SimpleCart_usePrune,JRip_usePruning,JRip_folds,SimpleCart_numFoldsPruning,SimpleCart_useOneSE,J48_useLaplace,J48_confidenceFactorValue,J48_binarySplits,J48_doNotMakeSplitPointActualValue,J48_collapseTree,J48_minNumObj,J48_subtreeRaising,J48_pruning,J48_numFolds,J48_useMDLcorrection,PART_confidenceFactorValue,PART_numFolds,PART_doNotMakeSplitPointActualValue,GreedyStepwise_searchBackwards,JRip_checkErrorRate,GreedyStepwise_conservativeForwardSelection,PART_pruning,DecisionTable_useIBk,J48,JRip_optimizations,PART_minNumObj,DecisionTable_crossVal,JRip_minNo"
68,90,0.97830152,0.99488625,0.99872759,0.99318268,0.99659357,0020,0335,0046,0.27112869,"SimpleCart,DecisionTable,SimpleCart_heuristic,JRip,DecisionTable_evaluationMeasure,PART,DecisionTable_search,PART_binarySplits,Aggregator,SimpleCart_usePrune,SimpleCart_minNumObj,JRip_usePruning,BestFirst_direction,BestFirst_searchTermination,PART_useMDLcorrection,JRip_folds,SimpleCart_useOneSE,SimpleCart_numFoldsPruning,J48_numFolds,J48_collapseTree,J48_useMDLcorrection,J48_doNotMakeSplitPointActualValue,J48_confidenceFactorValue,J48_binarySplits,J48_pruning,J48_subtreeRaising,J48_minNumObj,PART_confidenceFactorValue,PART_numFolds,J48_useLaplace,DecisionTable_useIBk,PART_pruning,GreedyStepwise_searchBackwards,DecisionTable_crossVal,JRip_checkErrorRate,JRip_minNo,J48,JRip_optimizations,GreedyStepwise_conservativeForwardSelection,PART_doNotMakeSplitPointActualValue,PART_minNumObj"
69,90,0.98522267,0.99511760,0.99872759,0.99318268,0.99659357,0025,0268,0046,0.27112869,"DecisionTable,JRip,PART,DecisionTable_search,Aggregator,PART_binarySplits,JRip_usePruning,PART_useMDLcorrection,BestFirst_direction,SimpleCart,BestFirst_searchTermination,SimpleCart_usePrune,SimpleCart_heuristic,DecisionTable_evaluationMeasure,SimpleCart_numFoldsPruning,JRip_folds,SimpleCart_useOneSE,SimpleCart_minNumObj,J48_useLaplace,J48_confidenceFactorValue,J48_collapseTree,J48_binarySplits,J48_useMDLcorrection,PART_numFolds,J48_doNotMakeSplitPointActualValue,PART_confidenceFactorValue,J48_pruning,J48_numFolds,J48_subtreeRaising,J48_minNumObj,GreedyStepwise_searchBackwards,GreedyStepwise_conservativeForwardSelection,PART_doNotMakeSplitPointActualValue,PART_minNumObj,DecisionTable_crossVal,JRip_checkErrorRate,PART_pruning,JRip_optimizations,JRip_minNo,DecisionTable_useIBk,J48"
70,90,0.96083478,0.99512242,0.99872759,0.99318268,0.99659357,0022,0307,0046,0.27112869,"Aggregator,SimpleCart,SimpleCart_heuristic,JRip,DecisionTable,PART,SimpleCart_minNumObj,SimpleCart_usePrune,PART_binarySplits,JRip_usePruning,DecisionTable_search,SimpleCart_numFoldsPruning,PART_useMDLcorrection,DecisionTable_evaluationMeasure,BestFirst_direction,SimpleCart_useOneSE,JRip_folds,BestFirst_searchTermination,J48_numFolds,J48_doNotMakeSplitPointActualValue,J48_collapseTree,J48_useMDLcorrection,PART_confidenceFactorValue,J48_useLaplace,J48_pruning,J48_confidenceFactorValue,J48_subtreeRaising,J48_binarySplits,PART_numFolds,J48_minNumObj,DecisionTable_useIBk,JRip_minNo,JRip_checkErrorRate,GreedyStepwise_searchBackwards,PART_doNotMakeSplitPointActualValue,DecisionTable_crossVal,GreedyStepwise_conservativeForwardSelection,PART_minNumObj,PART_pruning,J48,JRip_optimizations"
71,90,0.96909582,0.99537305,0.99872759,0.99318268,0.99659357,0023,0034,0046,0.27112869,"DecisionTable,DecisionTable_search,Aggregator,SimpleCart,BestFirst_searchTermination,BestFirst_direction,SimpleCart_minNumObj,JRip,JRip_usePruning,PART,DecisionTable_evaluationMeasure,SimpleCart_heuristic,SimpleCart_usePrune,PART_useMDLcorrection,SimpleCart_numFoldsPruning,PART_binarySplits,SimpleCart_useOneSE,JRip_folds,JRip_minNo,DecisionTable_useIBk,DecisionTable_crossVal,JRip_checkErrorRate,J48,J48_binarySplits,GreedyStepwise_conservativeForwardSelection,GreedyStepwise_searchBackwards,J48_collapseTree,PART_minNumObj,J48_useLaplace,J48_pruning,J48_minNumObj,PART_doNotMakeSplitPointActualValue,J48_numFolds,JRip_optimizations,J48_doNotMakeSplitPointActualValue,J48_useMDLcorrection,PART_pruning,J48_confidenceFactorValue,PART_confidenceFactorValue,J48_subtreeRaising,PART_numFolds"
72,90,0.95654521,0.99535377,0.99872759,0.99318268,0.99659357,0018,0034,0046,0.27112869,"DecisionTable,Aggregator,DecisionTable_search,SimpleCart,DecisionTable_evaluationMeasure,JRip,BestFirst_direction,PART,SimpleCart_minNumObj,BestFirst_searchTermination,SimpleCart_heuristic,SimpleCart_usePrune,PART_useMDLcorrection,JRip_usePruning,SimpleCart_useOneSE,PART_binarySplits,JRip_folds,SimpleCart_numFoldsPruning,PART_doNotMakeSplitPointActualValue,GreedyStepwise_conservativeForwardSelection,GreedyStepwise_searchBackwards,JRip_optimizations,DecisionTable_crossVal,JRip_checkErrorRate,PART_pruning,PART_numFolds,PART_minNumObj,DecisionTable_useIBk,JRip_minNo,PART_confidenceFactorValue,J48,J48_useMDLcorrection,J48_doNotMakeSplitPointActualValue,J48_collapseTree,J48_minNumObj,J48_binarySplits,J48_useLaplace,J48_pruning,J48_confidenceFactorValue,J48_numFolds,J48_subtreeRaising"
73,90,0.98257181,0.99542125,0.99872759,0.99318268,0.99659357,0020,0034,0046,0.27112869,"DecisionTable,Aggregator,JRip,JRip_usePruning,PART,PART_useMDLcorrection,JRip_folds,DecisionTable_search,SimpleCart,DecisionTable_evaluationMeasure,PART_binarySplits,SimpleCart_heuristic,BestFirst_searchTermination,BestFirst_direction,SimpleCart_usePrune,SimpleCart_minNumObj,SimpleCart_numFoldsPruning,SimpleCart_useOneSE,GreedyStepwise_searchBackwards,JRip_checkErrorRate,PART_minNumObj,JRip_minNo,JRip_optimizations,DecisionTable_useIBk,J48,PART_doNotMakeSplitPointActualValue,PART_pruning,GreedyStepwise_conservativeForwardSelection,DecisionTable_crossVal,J48_collapseTree,J48_doNotMakeSplitPointActualValue,J48_useMDLcorrection,J48_binarySplits,J48_minNumObj,J48_useLaplace,PART_numFolds,J48_pruning,PART_confidenceFactorValue,J48_numFolds,J48_confidenceFactorValue,J48_subtreeRaising"
74,90,0.96083478,0.99516580,0.99872759,0.99318268,0.99659357,0020,0274,0046,0.27112869,"JRip,PART,PART_binarySplits,PART_useMDLcorrection,DecisionTable,Aggregator,JRip_usePruning,SimpleCart,SimpleCart_heuristic,DecisionTable_evaluationMeasure,SimpleCart_minNumObj,JRip_folds,SimpleCart_usePrune,DecisionTable_search,BestFirst_searchTermination,SimpleCart_useOneSE,SimpleCart_numFoldsPruning,BestFirst_direction,J48_subtreeRaising,J48_pruning,J48_confidenceFactorValue,J48_numFolds,J48_minNumObj,J48_useMDLcorrection,PART_numFolds,J48_collapseTree,J48_doNotMakeSplitPointActualValue,J48_binarySplits,PART_confidenceFactorValue,J48_useLaplace,PART_minNumObj,GreedyStepwise_searchBackwards,DecisionTable_crossVal,JRip_checkErrorRate,JRip_minNo,PART_pruning,GreedyStepwise_conservativeForwardSelection,PART_doNotMakeSplitPointActualValue,J48,JRip_optimizations,DecisionTable_useIBk"
75,90,0.96168305,0.99519954,0.99872759,0.99318268,0.99659357,0025,0311,0046,0.27112869,"Aggregator,PART,JRip,JRip_usePruning,SimpleCart,SimpleCart_minNumObj,PART_binarySplits,DecisionTable,DecisionTable_search,SimpleCart_heuristic,JRip_folds,DecisionTable_evaluationMeasure,PART_useMDLcorrection,BestFirst_searchTermination,SimpleCart_usePrune,BestFirst_direction,SimpleCart_useOneSE,SimpleCart_numFoldsPruning,J48_confidenceFactorValue,PART_confidenceFactorValue,J48_numFolds,J48_useLaplace,PART_numFolds,J48_subtreeRaising,J48_binarySplits,J48_useMDLcorrection,J48_collapseTree,J48_minNumObj,J48_pruning,J48_doNotMakeSplitPointActualValue,JRip_minNo,GreedyStepwise_conservativeForwardSelection,PART_minNumObj,DecisionTable_crossVal,JRip_checkErrorRate,PART_pruning,PART_doNotMakeSplitPointActualValue,DecisionTable_useIBk,J48,JRip_optimizations,GreedyStepwise_searchBackwards"
76,90,0.97794486,0.99516098,0.99872759,0.99318268,0.99659357,0022,0328,0046,0.27112869,"SimpleCart,Aggregator,SimpleCart_heuristic,DecisionTable,PART,DecisionTable_evaluationMeasure,DecisionTable_search,JRip,JRip_usePruning,PART_useMDLcorrection,SimpleCart_minNumObj,SimpleCart_usePrune,BestFirst_searchTermination,SimpleCart_numFoldsPruning,SimpleCart_useOneSE,JRip_folds,PART_binarySplits,BestFirst_direction,PART_numFolds,J48_minNumObj,J48_collapseTree,PART_confidenceFactorValue,J48_useLaplace,J48_numFolds,J48_subtreeRaising,J48_confidenceFactorValue,J48_binarySplits,J48_pruning,J48_useMDLcorrection,J48_doNotMakeSplitPointActualValue,PART_doNotMakeSplitPointActualValue,GreedyStepwise_searchBackwards,JRip_optimizations,DecisionTable_crossVal,JRip_checkErrorRate,J48,PART_minNumObj,PART_pruning,JRip_minNo,GreedyStepwise_conservativeForwardSelection,DecisionTable_useIBk"
77,90,0.98400810,0.99545980,0.99872759,0.99318268,0.99659357,0024,0034,0046,0.27112869,"PART,JRip,PART_binarySplits,Aggregator,DecisionTable,SimpleCart,PART_useMDLcorrection,DecisionTable_search,DecisionTable_evaluationMeasure,SimpleCart_heuristic,SimpleCart_usePrune,SimpleCart_minNumObj,JRip_usePruning,BestFirst_searchTermination,BestFirst_direction,SimpleCart_numFoldsPruning,SimpleCart_useOneSE,JRip_folds,JRip_optimizations,JRip_minNo,PART_doNotMakeSplitPointActualValue,DecisionTable_crossVal,JRip_checkErrorRate,DecisionTable_useIBk,GreedyStepwise_searchBackwards,GreedyStepwise_conservativeForwardSelection,PART_minNumObj,PART_pruning,J48,PART_numFolds,J48_pruning,J48_minNumObj,PART_confidenceFactorValue,J48_confidenceFactorValue,J48_useLaplace,J48_subtreeRaising,J48_doNotMakeSplitPointActualValue,J48_binarySplits,J48_useMDLcorrection,J48_collapseTree,J48_numFolds"
78,90,0.97342394,0.99536823,0.99872759,0.99318268,0.99659357,0025,0053,0046,0.27112869,"Aggregator,DecisionTable,DecisionTable_search,PART,DecisionTable_evaluationMeasure,JRip,SimpleCart,BestFirst_direction,JRip_usePruning,SimpleCart_usePrune,PART_useMDLcorrection,BestFirst_searchTermination,PART_binarySplits,SimpleCart_useOneSE,SimpleCart_heuristic,SimpleCart_minNumObj,SimpleCart_numFoldsPruning,JRip_folds,J48_confidenceFactorValue,J48_minNumObj,J48_pruning,J48_subtreeRaising,J48_numFolds,GreedyStepwise_conservativeForwardSelection,DecisionTable_useIBk,PART_doNotMakeSplitPointActualValue,JRip_minNo,GreedyStepwise_searchBackwards,DecisionTable_crossVal,JRip_checkErrorRate,J48,J48_doNotMakeSplitPointActualValue,J48_useMDLcorrection,PART_minNumObj,J48_binarySplits,JRip_optimizations,PART_pruning,J48_useLaplace,PART_numFolds,PART_confidenceFactorValue,J48_collapseTree"
79,90,0.95854058,0.99563331,0.99872759,0.99318268,0.99659357,0024,0034,0049,0.56359978,"PART,PART_useMDLcorrection,SimpleCart,JRip,DecisionTable,PART_binarySplits,SimpleCart_heuristic,Aggregator,JRip_usePruning,DecisionTable_evaluationMeasure,JRip_folds,SimpleCart_usePrune,SimpleCart_minNumObj,SimpleCart_numFoldsPruning,SimpleCart_useOneSE,DecisionTable_search,BestFirst_direction,BestFirst_searchTermination,GreedyStepwise_searchBackwards,JRip_minNo,PART_pruning,PART_numFolds,PART_confidenceFactorValue,JRip_checkErrorRate,GreedyStepwise_conservativeForwardSelection,PART_minNumObj,DecisionTable_useIBk,DecisionTable_crossVal,JRip_optimizations,J48,J48_pruning,J48_numFolds,J48_useMDLcorrection,J48_collapseTree,J48_confidenceFactorValue,J48_binarySplits,J48_subtreeRaising,J48_minNumObj,PART_doNotMakeSplitPointActualValue,J48_doNotMakeSplitPointActualValue,J48_useLaplace"
80,90,0.95955273,0.99540679,0.99872759,0.99318268,0.99659357,0024,0034,0049,0.56359978,"DecisionTable,PART,PART_useMDLcorrection,SimpleCart,Aggregator,JRip,DecisionTable_evaluationMeasure,JRip_usePruning,PART_binarySplits,SimpleCart_heuristic,JRip_folds,JRip_checkErrorRate,PART_pruning,JRip_minNo,PART_numFolds,PART_confidenceFactorValue,SimpleCart_minNumObj,DecisionTable_useIBk,DecisionTable_search,SimpleCart_usePrune,GreedyStepwise_searchBackwards,BestFirst_direction,SimpleCart_useOneSE,GreedyStepwise_conservativeForwardSelection,BestFirst_searchTermination,SimpleCart_numFoldsPruning,PART_minNumObj,DecisionTable_crossVal,JRip_optimizations,J48,J48_minNumObj,J48_useLaplace,J48_useMDLcorrection,PART_doNotMakeSplitPointActualValue,J48_collapseTree,J48_binarySplits,J48_doNotMakeSplitPointActualValue,J48_pruning,J48_confidenceFactorValue,J48_numFolds,J48_subtreeRaising"
81,90,0.97310584,0.99568633,0.99911317,0.98722349,0.99542261,0028,0100,0049,0.56359978,"JRip,PART,DecisionTable,JRip_usePruning,DecisionTable_evaluationMeasure,SimpleCart,SimpleCart_heuristic,PART_binarySplits,JRip_folds,PART_useMDLcorrection,Aggregator,J48_doNotMakeSplitPointActualValue,J48_useMDLcorrection,PART_numFolds,J48_useLaplace,SimpleCart_numFoldsPruning,J48_minNumObj,SimpleCart_useOneSE,BestFirst_searchTermination,J48_binarySplits,J48_numFolds,J48_subtreeRaising,J48_collapseTree,PART_confidenceFactorValue,BestFirst_direction,J48_pruning,J48_confidenceFactorValue,DecisionTable_search,SimpleCart_usePrune,SimpleCart_minNumObj,JRip_minNo,PART_pruning,JRip_checkErrorRate,GreedyStepwise_searchBackwards,GreedyStepwise_conservativeForwardSelection,DecisionTable_crossVal,PART_minNumObj,DecisionTable_useIBk,JRip_optimizations,J48,PART_doNotMakeSplitPointActualValue"
82,90,0.96089262,0.99570561,0.99911317,0.98722349,0.99542261,0028,0034,0048,0.22911470,"DecisionTable,JRip,Aggregator,SimpleCart,PART,J48,JRip_usePruning,J48_useLaplace,J48_minNumObj,JRip_optimizations,JRip_folds,J48_pruning,J48_numFolds,PART_binarySplits,J48_collapseTree,PART_doNotMakeSplitPointActualValue,J48_binarySplits,J48_useMDLcorrection,SimpleCart_heuristic,J48_subtreeRaising,J48_doNotMakeSplitPointActualValue,J48_confidenceFactorValue,SimpleCart_usePrune,SimpleCart_numFoldsPruning,PART_minNumObj,SimpleCart_useOneSE,JRip_checkErrorRate,PART_pruning,JRip_minNo,DecisionTable_useIBk,PART_confidenceFactorValue,DecisionTable_search,DecisionTable_crossVal,PART_numFolds,SimpleCart_minNumObj,GreedyStepwise_conservativeForwardSelection,GreedyStepwise_searchBackwards,BestFirst_searchTermination,BestFirst_direction,DecisionTable_evaluationMeasure,PART_useMDLcorrection"
83,90,0.96136495,0.99563331,0.99911317,0.98722349,0.99542261,0020,0034,0048,0.22911470,"DecisionTable,JRip,SimpleCart,J48,PART,PART_binarySplits,SimpleCart_heuristic,J48_binarySplits,Aggregator,JRip_usePruning,J48_pruning,JRip_optimizations,J48_numFolds,J48_useLaplace,J48_confidenceFactorValue,J48_doNotMakeSplitPointActualValue,J48_minNumObj,J48_useMDLcorrection,J48_subtreeRaising,PART_doNotMakeSplitPointActualValue,J48_collapseTree,JRip_folds,PART_pruning,PART_confidenceFactorValue,PART_numFolds,PART_minNumObj,SimpleCart_usePrune,SimpleCart_numFoldsPruning,SimpleCart_useOneSE,JRip_minNo,SimpleCart_minNumObj,JRip_checkErrorRate,DecisionTable_useIBk,DecisionTable_search,DecisionTable_crossVal,BestFirst_direction,GreedyStepwise_conservativeForwardSelection,GreedyStepwise_searchBackwards,BestFirst_searchTermination,PART_useMDLcorrection,DecisionTable_evaluationMeasure"
84,90,0.98010411,0.99570561,0.99911317,0.98722349,0.99542261,0019,0034,0048,0.22911470,"DecisionTable,SimpleCart,PART,J48,J48_minNumObj,Aggregator,PART_doNotMakeSplitPointActualValue,JRip,J48_pruning,PART_binarySplits,J48_numFolds,SimpleCart_heuristic,J48_collapseTree,J48_subtreeRaising,J48_doNotMakeSplitPointActualValue,J48_useMDLcorrection,J48_useLaplace,J48_confidenceFactorValue,J48_binarySplits,JRip_usePruning,JRip_optimizations,JRip_folds,JRip_checkErrorRate,JRip_minNo,DecisionTable_search,PART_pruning,DecisionTable_useIBk,SimpleCart_minNumObj,PART_numFolds,DecisionTable_crossVal,PART_confidenceFactorValue,GreedyStepwise_conservativeForwardSelection,GreedyStepwise_searchBackwards,DecisionTable_evaluationMeasure,BestFirst_searchTermination,PART_useMDLcorrection,BestFirst_direction,PART_minNumObj,SimpleCart_usePrune,SimpleCart_numFoldsPruning,SimpleCart_useOneSE"
85,90,0.94406208,0.99538269,0.99911317,0.98722349,0.99542261,0026,0034,0035,0.00000000,"Aggregator,J48,PART,PART_doNotMakeSplitPointActualValue,J48_useLaplace,DecisionTable,DecisionTable_search,J48_binarySplits,PART_pruning,SimpleCart,JRip,J48_doNotMakeSplitPointActualValue,GreedyStepwise_searchBackwards,JRip_minNo,BestFirst_direction,DecisionTable_evaluationMeasure,PART_numFolds,PART_binarySplits,J48_collapseTree,JRip_checkErrorRate,PART_minNumObj,PART_useMDLcorrection,BestFirst_searchTermination,J48_minNumObj,J48_pruning,J48_useMDLcorrection,J48_numFolds,SimpleCart_heuristic,DecisionTable_crossVal,J48_subtreeRaising,GreedyStepwise_conservativeForwardSelection,JRip_usePruning,SimpleCart_minNumObj,DecisionTable_useIBk,PART_confidenceFactorValue,J48_confidenceFactorValue,SimpleCart_usePrune,JRip_optimizations,JRip_folds,SimpleCart_useOneSE,SimpleCart_numFoldsPruning"
86,90,0.97937151,0.99545016,0.99911317,0.98722349,0.99542261,0024,0034,0035,0.00000000,"SimpleCart,J48,J48_minNumObj,SimpleCart_usePrune,SimpleCart_heuristic,J48_pruning,Aggregator,SimpleCart_minNumObj,DecisionTable,JRip,J48_confidenceFactorValue,PART,PART_minNumObj,J48_binarySplits,J48_useMDLcorrection,J48_useLaplace,JRip_minNo,SimpleCart_useOneSE,JRip_usePruning,PART_pruning,PART_binarySplits,DecisionTable_crossVal,PART_numFolds,J48_collapseTree,DecisionTable_evaluationMeasure,J48_doNotMakeSplitPointActualValue,DecisionTable_useIBk,JRip_folds,DecisionTable_search,SimpleCart_numFoldsPruning,J48_numFolds,J48_subtreeRaising,PART_useMDLcorrection,JRip_checkErrorRate,PART_confidenceFactorValue,PART_doNotMakeSplitPointActualValue,JRip_optimizations,GreedyStepwise_conservativeForwardSelection,BestFirst_direction,BestFirst_searchTermination,GreedyStepwise_searchBackwards"
87,90,0.97965105,0.99535859,0.99911317,0.98722349,0.99542261,0025,0034,0035,0.00000000,"SimpleCart,Aggregator,SimpleCart_heuristic,SimpleCart_usePrune,J48,PART,JRip,DecisionTable,SimpleCart_useOneSE,SimpleCart_minNumObj,JRip_usePruning,PART_minNumObj,PART_pruning,J48_pruning,J48_minNumObj,J48_useLaplace,J48_confidenceFactorValue,J48_doNotMakeSplitPointActualValue,PART_useMDLcorrection,DecisionTable_search,DecisionTable_evaluationMeasure,JRip_folds,J48_subtreeRaising,PART_numFolds,SimpleCart_numFoldsPruning,J48_collapseTree,J48_useMDLcorrection,JRip_minNo,JRip_checkErrorRate,GreedyStepwise_searchBackwards,J48_binarySplits,GreedyStepwise_conservativeForwardSelection,PART_doNotMakeSplitPointActualValue,DecisionTable_crossVal,J48_numFolds,PART_confidenceFactorValue,PART_binarySplits,DecisionTable_useIBk,JRip_optimizations,BestFirst_direction,BestFirst_searchTermination"
88,90,0.98172354,0.99569115,0.99911317,0.98722349,0.99542261,0024,0034,0035,0.00000000,"DecisionTable,J48,J48_useLaplace,J48_collapseTree,J48_useMDLcorrection,SimpleCart,SimpleCart_minNumObj,J48_binarySplits,DecisionTable_evaluationMeasure,PART,J48_minNumObj,DecisionTable_search,PART_binarySplits,DecisionTable_useIBk,J48_doNotMakeSplitPointActualValue,PART_minNumObj,PART_pruning,JRip,DecisionTable_crossVal,GreedyStepwise_conservativeForwardSelection,J48_pruning,PART_confidenceFactorValue,J48_subtreeRaising,Aggregator,SimpleCart_usePrune,BestFirst_searchTermination,JRip_checkErrorRate,SimpleCart_heuristic,J48_numFolds,PART_useMDLcorrection,BestFirst_direction,PART_doNotMakeSplitPointActualValue,SimpleCart_useOneSE,JRip_usePruning,JRip_optimizations,GreedyStepwise_searchBackwards,SimpleCart_numFoldsPruning,JRip_minNo,PART_numFolds,J48_confidenceFactorValue,JRip_folds"
89,90,0.98488529,0.99544534,0.99911317,0.98722349,0.99542261,0025,0034,0035,0.00000000,"JRip,DecisionTable,JRip_usePruning,DecisionTable_search,DecisionTable_useIBk,GreedyStepwise_searchBackwards,GreedyStepwise_conservativeForwardSelection,BestFirst_searchTermination,JRip_minNo,BestFirst_direction,DecisionTable_evaluationMeasure,Aggregator,SimpleCart,JRip_folds,J48,DecisionTable_crossVal,SimpleCart_minNumObj,J48_useMDLcorrection,PART,SimpleCart_heuristic,JRip_checkErrorRate,PART_binarySplits,JRip_optimizations,SimpleCart_usePrune,PART_minNumObj,PART_doNotMakeSplitPointActualValue,J48_collapseTree,PART_useMDLcorrection,J48_doNotMakeSplitPointActualValue,J48_useLaplace,SimpleCart_numFoldsPruning,J48_minNumObj,J48_binarySplits,PART_pruning,J48_pruning,PART_confidenceFactorValue,J48_numFolds,J48_subtreeRaising,SimpleCart_useOneSE,PART_numFolds,J48_confidenceFactorValue"
90,90,0.98209948,0.99530557,0.99911317,0.98722349,0.99542261,0026,0034,0035,0.00000000,"Aggregator,DecisionTable,J48,J48_binarySplits,J48_useLaplace,J48_useMDLcorrection,JRip,J48_pruning,DecisionTable_crossVal,J48_minNumObj,SimpleCart,J48_confidenceFactorValue,J48_collapseTree,JRip_minNo,PART,PART_useMDLcorrection,JRip_usePruning,DecisionTable_useIBk,JRip_checkErrorRate,SimpleCart_usePrune,PART_binarySplits,DecisionTable_search,PART_minNumObj,BestFirst_direction,J48_numFolds,GreedyStepwise_searchBackwards,DecisionTable_evaluationMeasure,SimpleCart_useOneSE,J48_doNotMakeSplitPointActualValue,PART_doNotMakeSplitPointActualValue,J48_subtreeRaising,SimpleCart_numFoldsPruning,SimpleCart_minNumObj,SimpleCart_heuristic,JRip_folds,GreedyStepwise_conservativeForwardSelection,PART_pruning,BestFirst_searchTermination,JRip_optimizations,PART_confidenceFactorValue,PART_numFolds"
91,90,0.98265857,0.99540679,0.99911317,0.98722349,0.99542261,0023,0034,0035,0.00000000,"Aggregator,J48,J48_useMDLcorrection,J48_binarySplits,J48_pruning,JRip,J48_numFolds,PART,DecisionTable,JRip_checkErrorRate,PART_useMDLcorrection,J48_minNumObj,J48_collapseTree,J48_doNotMakeSplitPointActualValue,J48_useLaplace,SimpleCart,SimpleCart_usePrune,DecisionTable_useIBk,PART_binarySplits,JRip_minNo,PART_doNotMakeSplitPointActualValue,SimpleCart_useOneSE,DecisionTable_crossVal,J48_confidenceFactorValue,PART_pruning,J48_subtreeRaising,PART_minNumObj,JRip_usePruning,DecisionTable_evaluationMeasure,SimpleCart_heuristic,PART_numFolds,DecisionTable_search,JRip_optimizations,SimpleCart_minNumObj,SimpleCart_numFoldsPruning,BestFirst_searchTermination,BestFirst_direction,GreedyStepwise_searchBackwards,JRip_folds,PART_confidenceFactorValue,GreedyStepwise_conservativeForwardSelection"
